[27Nov2025 20:40:42.821] [main/INFO] [cpw.mods.modlauncher.Launcher/MODLAUNCHER]: ModLauncher running: args [--launchTarget, forgeserver, --fml.forgeVersion, 47.4.0, --fml.mcVersion, 1.20.1, --fml.forgeGroup, net.minecraftforge, --fml.mcpVersion, 20230612.114412, nogui]
[27Nov2025 20:40:42.826] [main/INFO] [cpw.mods.modlauncher.Launcher/MODLAUNCHER]: ModLauncher 10.0.9+10.0.9+main.dcd20f30 starting: java version 17.0.16 by Ubuntu; OS Linux arch amd64 version 6.8.0-1030-azure
[27Nov2025 20:40:57.905] [main/INFO] [net.minecraftforge.fml.loading.ImmediateWindowHandler/]: ImmediateWindowProvider not loading because launch target is forgeserver
[27Nov2025 20:40:57.996] [main/INFO] [mixin/]: SpongePowered MIXIN Subsystem Version=0.8.5 Source=union:/workspaces/effective-fortnight-SVR/servidor_minecraft/libraries/org/spongepowered/mixin/0.8.5/mixin-0.8.5.jar%2365!/ Service=ModLauncher Env=SERVER
[27Nov2025 20:40:58.642] [main/WARN] [net.minecraftforge.fml.loading.moddiscovery.ModFileParser/LOADING]: Mod file /workspaces/effective-fortnight-SVR/servidor_minecraft/libraries/net/minecraftforge/fmlcore/1.20.1-47.4.0/fmlcore-1.20.1-47.4.0.jar is missing mods.toml file
[27Nov2025 20:40:58.643] [main/WARN] [net.minecraftforge.fml.loading.moddiscovery.ModFileParser/LOADING]: Mod file /workspaces/effective-fortnight-SVR/servidor_minecraft/libraries/net/minecraftforge/javafmllanguage/1.20.1-47.4.0/javafmllanguage-1.20.1-47.4.0.jar is missing mods.toml file
[27Nov2025 20:40:58.644] [main/WARN] [net.minecraftforge.fml.loading.moddiscovery.ModFileParser/LOADING]: Mod file /workspaces/effective-fortnight-SVR/servidor_minecraft/libraries/net/minecraftforge/lowcodelanguage/1.20.1-47.4.0/lowcodelanguage-1.20.1-47.4.0.jar is missing mods.toml file
[27Nov2025 20:40:58.645] [main/WARN] [net.minecraftforge.fml.loading.moddiscovery.ModFileParser/LOADING]: Mod file /workspaces/effective-fortnight-SVR/servidor_minecraft/libraries/net/minecraftforge/mclanguage/1.20.1-47.4.0/mclanguage-1.20.1-47.4.0.jar is missing mods.toml file
[27Nov2025 20:41:00.728] [main/INFO] [net.minecraftforge.fml.loading.moddiscovery.JarInJarDependencyLocator/]: Found 93 dependencies adding them to mods collection
[27Nov2025 20:41:01.292] [main/INFO] [org.groovymc.gml.mappings.MappingsProvider/]: Starting runtime mappings setup...
[27Nov2025 20:41:01.339] [main/INFO] [org.groovymc.gml.internal.locator.ModLocatorInjector/]: Injecting ScriptModLocator candidates...
[27Nov2025 20:41:01.460] [main/INFO] [org.groovymc.gml.scriptmods.ScriptModLocator/]: Injected Jimfs file system
[27Nov2025 20:41:01.504] [main/INFO] [org.groovymc.gml.scriptmods.ScriptModLocator/]: Skipped loading script mods from directory /workspaces/effective-fortnight-SVR/servidor_minecraft/mods/scripts as it did not exist.
[27Nov2025 20:41:01.511] [main/INFO] [org.groovymc.gml.internal.locator.ModLocatorInjector/]: Injected ScriptModLocator mod candidates. Found 0 valid mod candidates and 0 broken mod files.
[27Nov2025 20:41:04.418] [GML Mappings Thread/INFO] [org.groovymc.gml.mappings.MappingsProvider/]: Loaded runtime mappings in 2903ms
[27Nov2025 20:41:04.419] [GML Mappings Thread/INFO] [org.groovymc.gml.mappings.MappingsProvider/]: Finished runtime mappings setup.
[27Nov2025 20:41:06.971] [main/INFO] [mixin/]: Compatibility level set to JAVA_17
[27Nov2025 20:41:06.993] [main/ERROR] [mixin/]: Mixin config mixins.duclib.json does not specify "minVersion" property
[27Nov2025 20:41:07.230] [main/ERROR] [mixin/]: Mixin config fabric-item-group-api-v1.mixins.json does not specify "minVersion" property
[27Nov2025 20:41:07.234] [main/ERROR] [mixin/]: Mixin config fabric-item-group-api-v1.client.mixins.json does not specify "minVersion" property
[27Nov2025 20:41:07.326] [main/ERROR] [mixin/]: Mixin config fabric-item-api-v1.client.mixins.json does not specify "minVersion" property
[27Nov2025 20:41:07.341] [main/ERROR] [mixin/]: Mixin config fabric-data-attachment-api-v1.mixins.json does not specify "minVersion" property
[27Nov2025 20:41:07.343] [main/ERROR] [mixin/]: Mixin config fabric-data-attachment-api-v1.client.mixins.json does not specify "minVersion" property
[27Nov2025 20:41:07.407] [main/ERROR] [mixin/]: Mixin config adorablehamsterpets.mixins.json does not specify "minVersion" property
[27Nov2025 20:41:07.560] [main/ERROR] [mixin/]: Mixin config yacl.mixins.json does not specify "minVersion" property
[27Nov2025 20:41:07.618] [main/INFO] [mixin/]: Successfully loaded Mixin Connector [com.sonicether.soundphysics.MixinConnector]
[27Nov2025 20:41:07.619] [main/INFO] [mixin/]: Successfully loaded Mixin Connector [ca.spottedleaf.starlight.mixin.MixinConnector]
[27Nov2025 20:41:07.621] [main/INFO] [net.fabricmc.loader.impl.bootstrap.FabricLoaderBootstrap/]: Propagating FML mod list to Fabric Loader
[27Nov2025 20:41:07.636] [main/INFO] [cpw.mods.modlauncher.LaunchServiceHandler/MODLAUNCHER]: Launching target 'forgeserver' with arguments [nogui]
[27Nov2025 20:41:07.890] [main/INFO] [ModernFix/]: Loaded configuration file for ModernFix 5.24.1+mc1.20.1: 96 options available, 1 override(s) found
[27Nov2025 20:41:07.891] [main/WARN] [ModernFix/]: Option 'mixin.bugfix.buffer_builder_leak' overriden (by mods [witherstormmod]) to 'false'
[27Nov2025 20:41:07.892] [main/INFO] [ModernFix/]: Applying Nashorn fix
[27Nov2025 20:41:07.914] [main/INFO] [ModernFix/]: Applied Forge config corruption patch
[27Nov2025 20:41:07.958] [main/INFO] [net.werdei.biome_replacer.BiomeReplacer/]: [BiomeReplacer] TerraBlender detected, biome replacements will be injected into it
[27Nov2025 20:41:08.167] [main/INFO] [Radium Config/]: Loaded configuration file for Radium: 125 options available, 1 override(s) found
[27Nov2025 20:41:08.209] [main/WARN] [mixin/]: Reference map 'puzzlesaccessapi.common.refmap.json' for puzzlesaccessapi.common.mixins.json could not be read. If this is a development environment you can ignore this message
[27Nov2025 20:41:08.215] [main/WARN] [mixin/]: Reference map 'mixins.wither_spawn_animation.refmap.json' for mixins.wither_spawn_animation.json could not be read. If this is a development environment you can ignore this message
[27Nov2025 20:41:08.219] [main/WARN] [mixin/]: Reference map 'mixins.block_factorys_bosses.refmap.json' for mixins.block_factorys_bosses.json could not be read. If this is a development environment you can ignore this message
[27Nov2025 20:41:08.263] [main/WARN] [mixin/]: Reference map 'fastpaintings-forge-refmap.json' for fastpaintings-forge.mixins.json could not be read. If this is a development environment you can ignore this message
[27Nov2025 20:41:08.285] [main/WARN] [mixin/]: Reference map 'wits-common-refmap.json' for wits-common.mixins.json could not be read. If this is a development environment you can ignore this message
[27Nov2025 20:41:08.329] [main/INFO] [Puzzles Lib/]: Loading 220 mods:
	- a_good_place 1.20-1.2.8
	- adaptive_performance_tweaks_core 11.5.0
	- adaptive_performance_tweaks_items 11.5.0
	- adorablehamsterpets 3.0.1-1.20.1+forge
	- aiimprovements 0.5.2
	- almanac 1.0.2
	- aquamirae 6.1.2
	- aquamirae_mod_extra_music 1.0.0
	- arboria 1.2.2
	- architectury 9.2.14
	- armoroftheages 1.3.11
	- backpacked 2.2.5
	- backported_animal_variants 0.3-1.20.1
	- badmobs 19.0.4
	- balm 7.3.37
		\-- kuma_api 20.1.12
	- betterendisland 1.20-Forge-2.0.6
	- betterfortresses 1.20-Forge-2.0.6
	- betterlightning 1.1.0-1.20.1
	- betteroceanmonuments 1.20-Forge-3.0.4
	- bettervillage 3.3.1
	- biome_replacer 2.1-hippo
		\-- mixinsquared 0.3.3
	- biomesoplenty 18.0.0.592
	- blastfromthepast 1.0.4
	- blessfulled 0.6
	- block_factorys_bosses 1.0.9.2.
	- blueprint 7.1.3
	- boss_music_mod 1.2.0
	- bosses_of_mass_destruction 1.1.1
	- caelus 3.2.0+1.20.1
	- cerbons_api 1.0.0
	- chunkactivitytracker 1.0.1
	- chunky 1.3.146
	- cloth_config 11.1.136
	- clumps 12.0.0.4
	- cobweb 1.0.1
	- commongroovylibrary 0.3.3
	- configured 2.2.3
	- conjurer_illager 1.1.6
	- corgilib 4.0.3.4
	- coroutil 1.20.1-1.3.7
	- crawlondemand 1.20.x-1.0.0
	- creativecore 2.12.32
	- cristellib 1.1.6
	- cupboard 1.20.1-2.7
	- curios 5.14.1+1.20.1
	- darkerdepths 2.0.6
	- despawn_tweaker 1.20.1-1.0.0
	- diagonalfences 8.1.5
		\-- diagonalblocks 8.0.6
	- do_a_barrel_roll 3.5.6+1.20.1
	- does_it_tick 1.1.4
	- duclib 1.1.4
	- dynamiclights 1.9+mod
	- easy_npc 5.9.2
	- easyanvils 8.0.2
	- elcamas 0.0NONE
	- elysium_api 1.1.3
	- endermanoverhaul 1.0.4
	- endertrigon 1.20.1-1.1
	- endrem 5.3.3-R-1.20.1
	- epicvillages 1.0.1
	- epicwitchhuts 1.1.0
	- explosiveenhancement 1.1.0
	- fastitemframes 20.1.5
	- fastpaintings 1.20-1.2.7
	- ferritecore 6.0.1
	- feur_dungeon_spawner 1.4.5
	- feur_extension_desert 1.3.4
	- feur_extension_fossil 1.3.4
	- feur_extension_jungle 1.3.4
	- forge 47.4.0
	- framework 0.7.15
	- fzzy_config 0.7.3+1.20.1+forge
	- geckolib 4.8.2
	- getittogetherdrops 1.3
	- glowingraidillagers 1.0.0
	- gml 4.0.11
	- hadean_breathe 0.21
	- hobbit_house_ 1.0.1
	- hopo 1.2.2
	- hoporp 1.3.7
	- hourglass 1.2.1.1
	- iceberg 1.1.25
	- illageandspillage 1.2.8
	- illagerblabber 1.0.2
	- immersive_weathering 1.20.1-2.0.5
	- incendium 5.3.5
	- incontrol 1.20-9.4.1
	- incubation 4.0.4
	- jade 11.13.2+forge
	- jei 15.20.0.112
	- jupiter 2.2.2
	- konkrete 1.8.0
	- kotlinforforge 4.11.0
	- leavesbegone 8.0.0
	- libraryferret 4.0.0
	- majruszlibrary 7.0.8
	- majruszsdifficulty 1.9.10
	- medieval_buildings 1.1.2
	- mes 1.4.6-1.20-forge
	- minecraft 1.20.1
	- minecraft_121_update 1.2.1
	- mobtimizations 1.20.1-1.0.0
	- modernfix 5.24.1+mc1.20.1
	- moonlight 1.20-2.16.15
	- moremobvariants 1.3.0.1
	- mr_blooming_biosphere 1.1.0
	- mr_dungeons_andtavernsancientcityoverhaul 1
	- mr_dungeons_andtavernspillageroutpostrework 1.1
	- mr_dungeons_andtavernsstrongholdrework 1
	- mr_limesplatus_ending 1-v1.1.0c
	- mru 1.0.4+1.20.1+forge
	- mysticsbiomes 3.4.2
	- mythsandlegends 0.0.7.2
	- nerb 0.4.1
	- netherexp 2.3.5
	- noisium 2.3.0+mc1.20-1.20.1
	- obscure_api 18
	- octolib 0.5.0.1
	- ohthetreesyoullgrow 1.20.1-1.3.1
	- openloader 19.0.4
	- particle_effects 1.0.1
	- particular 1.2.7
	- patchouli 1.20.1-84.1-FORGE
	- pingwheel 1.12.0
	- platform 1.2.10.1
	- playeranimator 1.0.2-rc1+1.20
	- primal 1.0.5
	- projectvibrantjourneys 1.20.1-6.2.0
	- puzzleslib 8.1.33
		\-- puzzlesaccessapi 20.1.1
	- radium 0.12.4+git.26c9d8e
	- realmrpg_skeletons 1.1.0
	- redeco 1.14.1
	- resourcefulconfig 2.1.3
	- resourcefullib 2.1.29
	- reterraforged 0.0.6
	- smartbrainlib 1.15
	- soul_fire_d 4.0.11
	- sound_physics_remastered 1.20.1-1.5.1
	- spark 1.10.53
	- spiral_tower_village 0.0.2
	- starlight 1.1.2+forge.1cda73c
	- structory 1.3.5
	- structure_gel 2.16.2
	- subtle_effects 1.13.1
	- terrablender 3.0.1.10
	- theinkarena 1.3.1
	- tlc 1.0.2
	- travelerstitles 1.20-Forge-4.0.2
	- trials 2.3.3
	- tumbleweed 0.5.5
	- turtle_house 1.0.0
	- txnilib 1.0.24
		|-- fabric_api 0.92.2+1.11.12+1.20.1
		|-- fabric_api_base 0.4.31+ef105b4977
		|-- fabric_api_lookup_api_v1 1.6.36+67f9824077
		|-- fabric_biome_api_v1 13.0.13+dc36698e77
		|-- fabric_block_api_v1 1.0.11+0e6cb7f777
		|-- fabric_block_view_api_v2 1.0.1+0767707077
		|-- fabric_blockrenderlayer_v1 1.1.41+1d0da21e77
		|-- fabric_client_tags_api_v1 1.1.2+5d6761b877
		|-- fabric_command_api_v1 1.2.34+f71b366f77
		|-- fabric_command_api_v2 2.2.13+561530ec77
		|-- fabric_content_registries_v0 4.0.11+a670df1e77
		|-- fabric_convention_tags_v1 1.5.5+fa3d1c0177
		|-- fabric_data_attachment_api_v1 1.0.0+30ef839e77
		|-- fabric_data_generation_api_v1 12.3.4+369cb3a477
		|-- fabric_dimensions_v1 2.1.54+8005d10d77
		|-- fabric_entity_events_v1 1.6.0+4ca7515277
		|-- fabric_events_interaction_v0 0.6.2+0d0bd5a777
		|-- fabric_game_rule_api_v1 1.0.40+683d4da877
		|-- fabric_item_api_v1 2.1.28+4d0bbcfa77
		|-- fabric_item_group_api_v1 4.0.12+c9161c2d77
		|-- fabric_key_binding_api_v1 1.0.37+561530ec77
		|-- fabric_lifecycle_events_v1 2.2.22+afab492177
		|-- fabric_loot_api_v2 1.2.1+eb28f93e77
		|-- fabric_message_api_v1 5.1.9+52cc178c77
		|-- fabric_mining_level_api_v1 2.1.50+561530ec77
		|-- fabric_model_loading_api_v1 1.0.3+6274ab9d77
		|-- fabric_models_v0 0.4.2+7c3892a477
		|-- fabric_networking_api_v1 1.3.11+503a202477
		|-- fabric_object_builder_api_v1 11.1.3+4bd998fa77
		|-- fabric_particles_v1 1.1.2+78e1ecb877
		|-- fabric_recipe_api_v1 1.0.21+514a076577
		|-- fabric_registry_sync_v0 2.3.3+1c0ea72177
		|-- fabric_renderer_api_v1 3.2.1+cf68abbe77
		|-- fabric_renderer_indigo 1.5.2+b5b2da4177
		|-- fabric_rendering_data_attachment_v1 0.3.37+a6081afc77
		|-- fabric_rendering_fluids_v1 3.0.28+4ac5e37a77
		|-- fabric_rendering_v1 3.0.8+66e9a48f77
		|-- fabric_resource_conditions_api_v1 2.3.8+9e342fc177
		|-- fabric_resource_loader_v0 0.11.10+bcd08ed377
		|-- fabric_screen_api_v1 2.0.8+45a670a577
		|-- fabric_screen_handler_api_v1 1.3.30+561530ec77
		|-- fabric_sound_api_v1 1.0.13+4f23bd8477
		|-- fabric_transfer_api_v1 3.3.5+631c9cd677
		\-- fabric_transitive_access_wideners_v1 4.3.1+1880499877
	- underwater_village 1.0.2
	- unusual_furniture 1.1.1
	- unusualend 2.3.0
	- vanillabackport 1.1.4.3
	- villagesandpillages 1.0.2
	- vzling 0.96
	- wakes 1.0.6
	- waystones 14.1.17
	- weaponmaster_ydm 4.2.3
	- whaleborne 1.20.1_beta-1.2.0
	- whatareyouvotingfor 1.2.5
	- wither_spawn_animation 1.5.2
	- wither_spawn_fix 1.0.0
	- witherreincarnated 1.0.5
	- witherstormmod 4.2.1
		\-- crackerslib 1.20.1-0.4.1
	- wits 1.1.0+1.20.1-forge
	- woodlands_extra 1.3.3
	- yet_another_config_lib_v3 3.6.6+1.20.1-forge
	- yungsapi 1.20-Forge-4.0.6
[27Nov2025 20:41:08.419] [main/WARN] [mixin/]: Reference map 'cristellib-forge-refmap.json' for cristellib.mixins.json could not be read. If this is a development environment you can ignore this message
[27Nov2025 20:41:08.441] [main/WARN] [mixin/]: Reference map 'fastitemframes.forge.refmap.json' for fastitemframes.forge.mixins.json could not be read. If this is a development environment you can ignore this message
[27Nov2025 20:41:08.447] [main/WARN] [mixin/]: Reference map 'cobweb.refmap.json' for cobweb.mixins.json could not be read. If this is a development environment you can ignore this message
[27Nov2025 20:41:08.450] [main/WARN] [mixin/]: Reference map 'cobweb.refmap.json' for cobweb.forge.mixins.json could not be read. If this is a development environment you can ignore this message
[27Nov2025 20:41:08.579] [main/WARN] [mixin/]: Reference map 'incubation.refmap.json' for incubation.mixins.json could not be read. If this is a development environment you can ignore this message
[27Nov2025 20:41:08.591] [main/INFO] [ReTerraForged/]: Enabling Terrablender compat
[27Nov2025 20:41:08.666] [main/WARN] [mixin/]: Reference map 'mes-forge-refmap.json' for mes-forge.mixins.json could not be read. If this is a development environment you can ignore this message
[27Nov2025 20:41:08.677] [main/WARN] [mixin/]: Reference map 'coroutil.refmap.json' for coroutil.mixins.json could not be read. If this is a development environment you can ignore this message
[27Nov2025 20:41:09.347] [main/ERROR] [net.minecraftforge.fml.loading.RuntimeDistCleaner/DISTXFORM]: Attempted to load class net/minecraft/client/MouseHandler for invalid dist DEDICATED_SERVER
[27Nov2025 20:41:09.348] [main/WARN] [mixin/]: Error loading class: net/minecraft/client/MouseHandler (java.lang.RuntimeException: Attempted to load class net/minecraft/client/MouseHandler for invalid dist DEDICATED_SERVER)
[27Nov2025 20:41:09.348] [main/WARN] [mixin/]: @Mixin target net.minecraft.client.MouseHandler was not found fabric-screen-api-v1.mixins.json:MouseMixin
[27Nov2025 20:41:09.349] [main/ERROR] [net.minecraftforge.fml.loading.RuntimeDistCleaner/DISTXFORM]: Attempted to load class net/minecraft/client/gui/screens/Screen for invalid dist DEDICATED_SERVER
[27Nov2025 20:41:09.349] [main/WARN] [mixin/]: Error loading class: net/minecraft/client/gui/screens/Screen (java.lang.RuntimeException: Attempted to load class net/minecraft/client/gui/screens/Screen for invalid dist DEDICATED_SERVER)
[27Nov2025 20:41:09.349] [main/WARN] [mixin/]: @Mixin target net.minecraft.client.gui.screens.Screen was not found fabric-screen-api-v1.mixins.json:ScreenAccessor
[27Nov2025 20:41:09.868] [main/WARN] [mixin/]: Error loading class: com/teammetallurgy/aquaculture/entity/AquaFishingBobberEntity (java.lang.ClassNotFoundException: com.teammetallurgy.aquaculture.entity.AquaFishingBobberEntity)
[27Nov2025 20:41:09.878] [main/WARN] [Radium Config/]: Force-disabling mixin 'alloc.blockstate.StateMixin' as option 'mixin.alloc.blockstate' (added by mods [ferritecore]) disables it and children
[27Nov2025 20:41:10.431] [main/WARN] [mixin/]: Error loading class: dev/ftb/mods/ftbchunks/data/ClaimedChunkManagerImpl (java.lang.ClassNotFoundException: dev.ftb.mods.ftbchunks.data.ClaimedChunkManagerImpl)
[27Nov2025 20:41:10.431] [main/WARN] [mixin/]: @Mixin target dev.ftb.mods.ftbchunks.data.ClaimedChunkManagerImpl was not found mixins.does_it_tick.json:ClaimedChunkManagerAccessor
[27Nov2025 20:41:10.609] [main/ERROR] [net.minecraftforge.fml.loading.RuntimeDistCleaner/DISTXFORM]: Attempted to load class net/minecraft/client/renderer/entity/ItemRenderer for invalid dist DEDICATED_SERVER
[27Nov2025 20:41:10.609] [main/WARN] [mixin/]: Error loading class: net/minecraft/client/renderer/entity/ItemRenderer (java.lang.RuntimeException: Attempted to load class net/minecraft/client/renderer/entity/ItemRenderer for invalid dist DEDICATED_SERVER)
[27Nov2025 20:41:10.610] [main/WARN] [mixin/]: @Mixin target net.minecraft.client.renderer.entity.ItemRenderer was not found vzling.mixins.json:ItemRendererMixin
[27Nov2025 20:41:10.819] [main/WARN] [mixin/]: Error loading class: cinnamon/ofc/HandPlatform (java.lang.ClassNotFoundException: cinnamon.ofc.HandPlatform)
[27Nov2025 20:41:10.820] [main/WARN] [mixin/]: @Mixin target cinnamon.ofc.HandPlatform was not found blessfulled.mixins.json:offhandcombat.HandPlatformMixin
[27Nov2025 20:41:11.365] [main/INFO] [MixinExtras|Service/]: Initializing MixinExtras via com.llamalad7.mixinextras.service.MixinExtrasServiceImpl(version=0.5.0).
[27Nov2025 20:41:12.180] [main/INFO] [net.minecraft.server.Bootstrap/]: ModernFix reached bootstrap stage (37.36 s after launch)
[27Nov2025 20:41:12.482] [main/WARN] [mixin/]: @Final field delegatesByName:Ljava/util/Map; in modernfix-forge.mixins.json:perf.forge_registry_alloc.ForgeRegistryMixin should be final
[27Nov2025 20:41:12.483] [main/WARN] [mixin/]: @Final field delegatesByValue:Ljava/util/Map; in modernfix-forge.mixins.json:perf.forge_registry_alloc.ForgeRegistryMixin should be final
[27Nov2025 20:41:12.702] [main/INFO] [ModernFix/]: Injecting BlockStateBase cache population hook into getNeighborPathNodeType from me.jellysquid.mods.lithium.mixin.ai.pathing.AbstractBlockStateMixin
[27Nov2025 20:41:12.702] [main/INFO] [ModernFix/]: Injecting BlockStateBase cache population hook into getPathNodeType from me.jellysquid.mods.lithium.mixin.ai.pathing.AbstractBlockStateMixin
[27Nov2025 20:41:12.702] [main/INFO] [ModernFix/]: Injecting BlockStateBase cache population hook into getOpacityIfCached from ca.spottedleaf.starlight.mixin.common.blockstate.BlockStateBaseMixin
[27Nov2025 20:41:12.703] [main/INFO] [ModernFix/]: Injecting BlockStateBase cache population hook into isConditionallyFullOpaque from ca.spottedleaf.starlight.mixin.common.blockstate.BlockStateBaseMixin
[27Nov2025 20:41:12.703] [main/INFO] [ModernFix/]: Injecting BlockStateBase cache population hook into getAllFlags from me.jellysquid.mods.lithium.mixin.util.block_tracking.AbstractBlockStateMixin
[27Nov2025 20:41:15.283] [main/INFO] [net.minecraft.server.Bootstrap/]: Vanilla bootstrap took 3100 milliseconds
[27Nov2025 20:41:16.360] [main/WARN] [mixin/]: Method overwrite conflict for scheduleRandomTick in corgilib-common.mixins.json:chunk.MixinChunkAccess, previously written by dev.corgitaco.ohthetreesyoullgrow.mixin.chunk.MixinChunkAccess. Skipping method.
[27Nov2025 20:41:16.360] [main/WARN] [mixin/]: Method overwrite conflict for getScheduledRandomTicks in corgilib-common.mixins.json:chunk.MixinChunkAccess, previously written by dev.corgitaco.ohthetreesyoullgrow.mixin.chunk.MixinChunkAccess. Skipping method.
[27Nov2025 20:41:16.725] [main/WARN] [mixin/]: @Inject(@At("INVOKE")) Shift.BY=2 on witherstormmod.mixins.json:MixinSwellGoal::handler$ccb000$canUseInvoke exceeds the maximum allowed value: 0. Increase the value of maxShiftBy to suppress this warning.
[27Nov2025 20:41:18.115] [main/WARN] [mixin/]: Static binding violation: PRIVATE @Overwrite method m_47505_ in modernfix-common.mixins.json:perf.remove_biome_temperature_cache.BiomeMixin cannot reduce visibiliy of PUBLIC target method, visibility will be upgraded.
[27Nov2025 20:41:18.116] [main/WARN] [mixin/]: Method overwrite conflict for m_47505_ in lithium.mixins.json:world.temperature_cache.BiomeMixin, previously written by org.embeddedt.modernfix.common.mixin.perf.remove_biome_temperature_cache.BiomeMixin. Skipping method.
[27Nov2025 20:41:18.443] [main/INFO] [org.groovymc.gml.internal.ModExtensionLoader/]: Skipping extension class org.groovymc.cgl.api.extension.client.MinecraftExtensions: it requires dist CLIENT, but we're running on DEDICATED_SERVER
[27Nov2025 20:41:18.747] [modloading-worker-0/WARN] [APTweaks(Core)/]: ⚠ The log level for APTweaks(Core) is set to ALL, this will log all debug information and will cause performance issues. This is expected in a developer environment or during large-scale troubleshooting. However, rest assured, to mitigate performance concerns, the debug mode for this module has been automatically adjusted to an info level! If you require debug information, simply use the /aptweaks debug <module> command to re-enable debug mode.
[27Nov2025 20:41:18.751] [modloading-worker-0/WARN] [APTweaks(Core)/]: Adjusting log level for APTweaks(Core) from ALL to INFO, for performance reasons!
[27Nov2025 20:41:18.752] [modloading-worker-0/INFO] [APTweaks(Core)/]: Changing log level for APTweaks(Core) from ALL to INFO
[27Nov2025 20:41:18.774] [modloading-worker-0/INFO] [APTweaks(Core)/]: Register Adaptive Performance Tweaks: Core common config ...
[27Nov2025 20:41:18.823] [modloading-worker-0/INFO] [Puzzles Lib/]: Constructing common components for easyanvils:main
[27Nov2025 20:41:19.181] [modloading-worker-0/INFO] [Puzzles Lib/]: Constructing common components for leavesbegone:main
[27Nov2025 20:41:19.202] [modloading-worker-0/INFO] [gml/]: Initialised GML mod. Version: 4.0.11
[27Nov2025 20:41:19.728] [modloading-worker-0/INFO] [noisium/]: Loading Noisium.
[27Nov2025 20:41:19.858] [modloading-worker-0/INFO] [coroutil/]: forge loader environment detected
[27Nov2025 20:41:19.959] [modloading-worker-0/INFO] [com.jtorleonstudios.libraryferret.LibraryFerret/]: Initialize mod Library Ferret
[27Nov2025 20:41:19.972] [modloading-worker-0/INFO] [com.jtorleonstudios.libraryferret.LibraryFerret/]: Initialized mod Library Ferret
[27Nov2025 20:41:20.051] [modloading-worker-0/ERROR] [majruszsdifficulty/]: Failed to find class: java.util.zip.ZipException: zip END header not found
[27Nov2025 20:41:20.062] [modloading-worker-0/WARN] [mixin/]: Method overwrite conflict for getPools in majruszsdifficulty-forge.mixins.json:IMixinLootTable, previously written by com.blackgear.platform.core.mixin.forge.LootTableMixin. Skipping method.
[27Nov2025 20:41:20.081] [modloading-worker-0/ERROR] [majruszlibrary/]: Failed to find class: java.util.zip.ZipException: zip END header not found
[27Nov2025 20:41:20.142] [modloading-worker-0/INFO] [net.minecraftforge.common.ForgeMod/FORGEMOD]: Forge mod loading, version 47.4.0, for MC 1.20.1 with MCP 20230612.114412
[27Nov2025 20:41:20.142] [modloading-worker-0/INFO] [net.minecraftforge.common.MinecraftForge/FORGE]: MinecraftForge v47.4.0 Initialized
[27Nov2025 20:41:20.751] [modloading-worker-0/INFO] [Puzzles Lib/]: Constructing common components for puzzleslib:main
[27Nov2025 20:41:20.929] [modloading-worker-0/INFO] [Easy NPC/]: Initializing Easy NPC (Forge) ...
[27Nov2025 20:41:20.932] [modloading-worker-0/INFO] [Easy NPC/]: 🗣 Register Easy NPC Debug Manager ...
[27Nov2025 20:41:20.933] [modloading-worker-0/WARN] [Easy NPC/]: [Debug Manager] Detected debug log level for Easy NPC with ALL!
[27Nov2025 20:41:20.934] [modloading-worker-0/WARN] [Easy NPC/]: [Debug Manager] Adjusting log level for Easy NPC from ALL to INFO, for performance reasons!
[27Nov2025 20:41:20.934] [modloading-worker-0/INFO] [Easy NPC/]: [Debug Manager] Add new logger config for Easy NPC with level INFO ...
[27Nov2025 20:41:20.936] [modloading-worker-0/INFO] [Easy NPC/]: 🗣 Register Easy NPC Constants ...
[27Nov2025 20:41:20.940] [modloading-worker-0/INFO] [Easy NPC/]: 🗣 Register Easy NPC Configuration ...
[27Nov2025 20:41:20.941] [modloading-worker-0/INFO] [Easy NPC/]: [Config] Updated configuration path to /workspaces/effective-fortnight-SVR/servidor_minecraft/config/easy_npc
[27Nov2025 20:41:20.941] [modloading-worker-0/INFO] [Easy NPC/]: [Config] Registering common configuration ...
[27Nov2025 20:41:20.949] [modloading-worker-0/INFO] [Easy NPC/]: [Config] Render Entity Type Support Configuration

 Please note that this configuration file only includes confirmed entity types.
 If an entity type is not listed here, it doesn't mean it's automatically supported or unsupported!
 is up to date: {minecraft:giant=true, dannys_expansion:mundane_slime=false, botania:pool_minecart=false, botania:ender_air=false, minecraft:end_crystal=false, minecraft:experience_bottle=false, minecraft:glow_squid=true, simple_mobs:rumble=false, minecraft:trader_llama=true, orcz:decaystrikecustom=false, simple_mobs:staff_usage=false, minecraft:horse=true, the_bumblezone:purple_spike_entity=false, minecraft:llama=true, minecraft:husk=true, minecraft:cave_spider=true, minecraft:enderman=true, minecraft:dolphin=true, frostiful:freezing_wind=false, minecraft:shulker_bullet=false, simple_mobs:projecttest=false, minecraft:donkey=true, minecraft:area_effect_cloud=false, minecraft:ghast=false, frostiful:packed_snowball=false, twigs:pebble=false, handcrafted:fancy_painting=false, moretotems:summoned_zombie=false, minecraft:piglin_brute=true, minecraft:creeper=true, minecraft:glow_item_frame=false, minecraft:bee=true, botania:mana_storm=false, minecraft:illusioner=true, minecraft:player=false, minecraft:wither_skull=false, create:stationary_contraption=false, minecraft:mooshroom=true, smallships:galley=false, minecraft:eye_of_ender=false, minecraft:villager=true, ad_astra:tier_1_rocket=false, botania:magic_landmine=false, minecraft:stray=true, smallships:cog=false, minecraft:falling_block=false, minecraft:drowned=true, minecraft:axolotl=true, botania:flame_ring=false, botania:doppleganger=false, botania:ender_air_bottle=false, minecraft:tnt=false, ae2:tiny_tnt_primed=false, botania:magic_missile=false, create:crafting_blueprint=false, create:contraption=false, minecraft:strider=true, smallships:brigg=false, minecraft:guardian=true, minecraft:parrot=true, minecraft:arrow=false, lootr:lootr_minecart=false, the_bumblezone:pollen_puff=false, minecraft:chest_minecart=false, minecraft:wither=true, minecraft:ender_pearl=false, create:super_glue=false, handcrafted:seat=false, minecraft:wandering_trader=true, simple_mobs:dragon_smoke=false, minecraft:wither_skeleton=true, botania:thorn_chakram=false, minecraft:iron_golem=true, botania:pixie=false, dummmmmmy:target_dummy=false, minecraft:elder_guardian=true, graveyard:skull=false, minecraft:mule=true, the_bumblezone:bee_stinger=false, the_bumblezone:thrown_stinger_spear=false, minecraft:armor_stand=false, minecraft:vindicator=true, aquamirae:pillagers_patrol=false, botania:mana_burst=false, minecraft:evoker=true, minecraft:slime=false, botania:babylon_weapon=false, minecraft:leash_knot=false, minecraft:pufferfish=true, terraform:boat=false, swampier_swamps:swamp_gas=false, ad_astra:tier_3_rocket=false, minecraft:experience_orb=false, minecraft:fox=true, botania:thrown_item=false, the_bumblezone:cosmic_crystal_entity=false, graveyard:ghouling=false, botania:player_mover=false, minecraft:silverfish=true, minecraft:endermite=true, minecraft:chicken=true, minecraft:firework_rocket=false, minecraft:zombie=true, minecraft:spawner_minecart=false, the_bumblezone:sentry_watcher=false, botania:spark=false, botania:falling_star=false, minecraft:hoglin=true, minecraft:boat=false, minecraft:trident=false, friendsandfoes:player_illusion=false, minecraft:polar_bear=true, minecraft:phantom=false, ad_astra:tier_4_rocket=false, minecraft:zombified_piglin=true, minecraft:witch=true, ad_astra:tier_2_rocket=false, minecraft:pig=true, minecraft:turtle=true, minecraft:sheep=true, moretotems:summoned_bee=false, minecraft:ender_dragon=false, minecraft:goat=true, minecraft:item_frame=false, create:carriage_contraption=false, minecraft:vex=true, minecraft:minecart=false, minecraft:item=false, minecraft:cod=true, minecraft:dragon_fireball=false, minecraft:skeleton=true, ad_astra:space_painting=false, create:seat=false, simple_mobs:staff_interact=false, minecraft:ravager=true, minecraft:squid=true, minecraft:skeleton_horse=true, minecraft:cow=true, minecraft:potion=false, ad_astra:lander=false, minecraft:salmon=true, minecraft:snow_golem=true, minecraft:shulker=true, minecraft:hopper_minecart=false, friendsandfoes:ice_chunk=false, the_bumblezone:honey_crystal_shard=false, simple_mobs:lightning_spear=false, minecraft:rabbit=true, minecraft:painting=false, minecraft:pillager=true, the_bumblezone:electric_ring_entity=false, minecraft:zoglin=true, minecraft:lightning_bolt=false, frostiful:frost_spell=false, minecraft:fishing_bobber=false, minecraft:tnt_minecart=false, simple_mobs:ground_spike=false, minecraft:command_block_minecart=false, minecraft:bat=false, the_bumblezone:dirt_pellet=false, minecraft:fireball=false, minecraft:furnace_minecart=false, minecraft:llama_spit=false, minecraft:evoker_fangs=false, minecraft:piglin=true, minecraft:snowball=false, minecraft:spectral_arrow=false, orcz:wither_strikeringcustom=false, simple_mobs:elemental_chain=false, minecraft:blaze=true, ad_astra:ice_spit=false, techreborn:nuke=false, minecraft:egg=false, minecraft:zombie_horse=true, minecraft:magma_cube=false, frostiful:thrown_icicle=false, minecraft:small_fireball=false, minecraft:spider=true, ad_astra:tier_1_rover=false, minecraft:marker=false, majruszsdifficulty:cursed_armor=false, farmersdelight:rotten_tomato=false, minecraft:text_display=false, minecraft:cat=true, armourers_workshop:mannequin=false, create:gantry_contraption=false, minecraft:tropical_fish=true, botania:corporea_spark=false, minecraft:ocelot=true, minecraft:wolf=true, minecraft:panda=true, minecraft:zombie_villager=true}
[27Nov2025 20:41:20.950] [modloading-worker-0/INFO] [Easy NPC/]: [Config] Registering server configuration ...
[27Nov2025 20:41:20.950] [modloading-worker-0/INFO] [Easy NPC/]: 🗣 Register Easy NPC Common Data Files ...
[27Nov2025 20:41:20.951] [modloading-worker-0/INFO] [Easy NPC/]: 🗣 Register Easy NPC Common data folders ...
[27Nov2025 20:41:20.952] [modloading-worker-0/INFO] [Easy NPC/]: 🗣 Register Easy NPC Entity Data Serializers ...
[27Nov2025 20:41:20.954] [modloading-worker-0/INFO] [dynamiclights/]: [Dynamic Lights] Registering server started event ...
[27Nov2025 20:41:20.962] [modloading-worker-0/INFO] [Puzzles Lib/]: Constructing common components for fastitemframes:main
[27Nov2025 20:41:21.019] [modloading-worker-0/INFO] [Easy NPC/]: Registered entity data serializer ActionEventSet with id 28
[27Nov2025 20:41:21.019] [modloading-worker-0/INFO] [Easy NPC/]: Registered entity data serializer CustomAttributes with id 29
[27Nov2025 20:41:21.019] [modloading-worker-0/INFO] [Easy NPC/]: Registered entity data serializer DialogDataSet with id 30
[27Nov2025 20:41:21.019] [modloading-worker-0/INFO] [Easy NPC/]: Registered entity data serializer DisplayAttributeSet with id 31
[27Nov2025 20:41:21.019] [modloading-worker-0/INFO] [Easy NPC/]: Registered entity data serializer EntityAttributes with id 32
[27Nov2025 20:41:21.019] [modloading-worker-0/INFO] [Easy NPC/]: Registered entity data serializer MerchantOffers with id 33
[27Nov2025 20:41:21.019] [modloading-worker-0/INFO] [Easy NPC/]: Registered entity data serializer ModelPose with id 34
[27Nov2025 20:41:21.019] [modloading-worker-0/INFO] [Easy NPC/]: Registered entity data serializer ObjectiveDataSet with id 35
[27Nov2025 20:41:21.019] [modloading-worker-0/INFO] [Easy NPC/]: Registered entity data serializer CustomPosition with id 36
[27Nov2025 20:41:21.019] [modloading-worker-0/INFO] [Easy NPC/]: Registered entity data serializer Profession with id 37
[27Nov2025 20:41:21.020] [modloading-worker-0/INFO] [Easy NPC/]: Registered entity data serializer RenderDataSet with id 38
[27Nov2025 20:41:21.020] [modloading-worker-0/INFO] [Easy NPC/]: Registered entity data serializer CustomRotation with id 39
[27Nov2025 20:41:21.020] [modloading-worker-0/INFO] [Easy NPC/]: Registered entity data serializer CustomScale with id 40
[27Nov2025 20:41:21.020] [modloading-worker-0/INFO] [Easy NPC/]: Registered entity data serializer SkinDataEntry with id 41
[27Nov2025 20:41:21.020] [modloading-worker-0/INFO] [Easy NPC/]: Registered entity data serializer SoundDataSet with id 42
[27Nov2025 20:41:21.020] [modloading-worker-0/INFO] [Easy NPC/]: Registered entity data serializer HashSet:UUID with id 43
[27Nov2025 20:41:21.021] [modloading-worker-0/INFO] [Easy NPC/]: Registered entity data serializer HashSet:String with id 44
[27Nov2025 20:41:21.021] [modloading-worker-0/INFO] [Easy NPC/]: Registered entity data serializer TradingDataSet with id 45
[27Nov2025 20:41:21.021] [modloading-worker-0/INFO] [Easy NPC/]: Registered entity data serializer UUID with id 46
[27Nov2025 20:41:21.021] [modloading-worker-0/INFO] [Easy NPC/]: 🗣 Register Easy NPC Compatibility Handler ...
[27Nov2025 20:41:21.022] [modloading-worker-0/INFO] [Easy NPC/]: 🗣 Register Easy NPC Compat Handler ...
[27Nov2025 20:41:21.023] [modloading-worker-0/INFO] [Easy NPC/]: [Compat Manager] Epic Fight mod with id 'epicfight' loaded: false
[27Nov2025 20:41:21.023] [modloading-worker-0/INFO] [Easy NPC/]: [Compat Manager] Cobblemon mod with id 'cobblemon' loaded: false
[27Nov2025 20:41:21.023] [modloading-worker-0/INFO] [Easy NPC/]: 🗣 Register Easy NPC Command Argument Types ...
[27Nov2025 20:41:21.025] [modloading-worker-0/INFO] [Easy NPC/]: 🗣 Register Easy NPC Entity Types ...
[27Nov2025 20:41:21.030] [modloading-worker-0/INFO] [Easy NPC/]: 🗣 Register Easy NPC Blocks ...
[27Nov2025 20:41:21.032] [modloading-worker-0/INFO] [Easy NPC/]: 🗣 Register Easy NPC Blocks Entity Types ...
[27Nov2025 20:41:21.033] [modloading-worker-0/INFO] [Easy NPC/]: 🗣 Register Easy NPC Items ...
[27Nov2025 20:41:21.039] [modloading-worker-0/INFO] [Easy NPC/]: 🗣 Register Easy NPC Menu Types ...
[27Nov2025 20:41:21.050] [modloading-worker-0/INFO] [Easy NPC/]: 🗣 Register Easy NPC Menu Handler ...
[27Nov2025 20:41:21.052] [modloading-worker-0/INFO] [Easy NPC/]: 🗣 Register Easy NPC Network Handler ...
[27Nov2025 20:41:21.053] [modloading-worker-0/INFO] [Easy NPC/]: Registering server network handler for Server -> Client messages.
[27Nov2025 20:41:21.054] [modloading-worker-0/INFO] [Easy NPC/]: 🗣 Register Easy NPC Client Network Message Handler ...
[27Nov2025 20:41:21.124] [modloading-worker-0/INFO] [de.keksuccino.konkrete.Konkrete/]: [KONKRETE] Successfully initialized!
[27Nov2025 20:41:21.124] [modloading-worker-0/INFO] [de.keksuccino.konkrete.Konkrete/]: [KONKRETE] Server-side libs ready to use!
[27Nov2025 20:41:21.172] [modloading-worker-0/INFO] [Puzzles Lib/]: Constructing common components for diagonalblocks:main
[27Nov2025 20:41:21.359] [modloading-worker-0/INFO] [thedarkcolour.kotlinforforge.test.KotlinForForge/]: Kotlin For Forge Enabled!
[27Nov2025 20:41:21.387] [modloading-worker-0/INFO] [dev.architectury.networking.forge.NetworkManagerImpl/]: Registering C2S receiver with id architectury:sync_ids
[27Nov2025 20:41:21.523] [modloading-worker-0/INFO] [com.cupboard.Cupboard/]: Loaded config for: cupboard.json
[27Nov2025 20:41:21.527] [modloading-worker-0/WARN] [APTweaks(Items)/]: ⚠ The log level for APTweaks(Items) is set to ALL, this will log all debug information and will cause performance issues. This is expected in a developer environment or during large-scale troubleshooting. However, rest assured, to mitigate performance concerns, the debug mode for this module has been automatically adjusted to an info level! If you require debug information, simply use the /aptweaks debug <module> command to re-enable debug mode.
[27Nov2025 20:41:21.527] [modloading-worker-0/WARN] [APTweaks(Items)/]: Adjusting log level for APTweaks(Items) from ALL to INFO, for performance reasons!
[27Nov2025 20:41:21.528] [modloading-worker-0/INFO] [APTweaks(Core)/]: Changing log level for APTweaks(Items) from ALL to INFO
[27Nov2025 20:41:21.532] [modloading-worker-0/INFO] [APTweaks(Items)/]: Registering Adaptive Performance Tweaks: Items common config ...
[27Nov2025 20:41:21.682] [modloading-worker-0/INFO] [pingwheel/]: [Ping-Wheel] Init
[27Nov2025 20:41:21.694] [modloading-worker-0/INFO] [pingwheel/]: [Ping-Wheel] Loaded ServerConfig(defaultChannelMode=auto, playerTrackingEnabled=true, msToRegenerate=1000, rateLimit=5)
[27Nov2025 20:41:21.737] [modloading-worker-0/INFO] [particular/]: I am quite particular about the effects I choose to add :3
[27Nov2025 20:41:21.901] [modloading-worker-0/WARN] [mixin/]: Method overwrite conflict for getEntries in majruszsdifficulty-common.mixins.json:IMixinLootPool, previously written by com.blackgear.platform.core.mixin.forge.LootPoolMixin. Skipping method.
[27Nov2025 20:41:22.295] [modloading-worker-0/INFO] [fzzy_config/]: Loaded config adorablehamsterpets:main in 616ms
[27Nov2025 20:41:22.414] [modloading-worker-0/INFO] [Puzzles Lib/]: Constructing common components for diagonalfences:main
[27Nov2025 20:41:22.510] [modloading-worker-0/INFO] [adorablehamsterpets/]: Registering Mod Criteria for adorablehamsterpets
[27Nov2025 20:41:22.534] [modloading-worker-0/INFO] [YetAnotherConfigLib/]: Deserializing AOTAConfig from '/workspaces/effective-fortnight-SVR/servidor_minecraft/config/armoroftheages.json'
[27Nov2025 20:41:22.537] [modloading-worker-0/INFO] [YetAnotherConfigLib/]: Deserializing YACLConfig from '/workspaces/effective-fortnight-SVR/servidor_minecraft/config/yacl.json5'
[27Nov2025 20:41:23.794] [main/INFO] [Diagonal Blocks/]: Constructing shapes for ForgeDiagonalFenceBlock[NodeWidth=2.0,ExtensionWidth=2.0,NodeTop=24.0,ExtensionBottom=0.0,ExtensionTop=24.0] took 41ms
[27Nov2025 20:41:23.852] [main/INFO] [Diagonal Blocks/]: Constructing shapes for ForgeDiagonalFenceBlock[NodeWidth=2.0,ExtensionWidth=2.0,NodeTop=16.0,ExtensionBottom=0.0,ExtensionTop=16.0] took 54ms
[27Nov2025 20:41:23.959] [main/INFO] [Diagonal Blocks/]: Constructing shapes for ForgeDiagonalFenceBlock[NodeWidth=2.0,ExtensionWidth=1.0,NodeTop=16.0,ExtensionBottom=6.0,ExtensionTop=15.0] took 102ms
[27Nov2025 20:41:25.065] [main/ERROR] [net.minecraftforge.eventbus.EventSubclassTransformer/EVENTBUS]: Could not find parent net/minecraft/client/particle/TextureSheetParticle for class com/cerbon/cerbons_api/api/general/particle/SimpleParticle in classloader cpw.mods.modlauncher.TransformingClassLoader@4ae958b0 on thread Thread[main,5,main]
[27Nov2025 20:41:25.065] [main/ERROR] [net.minecraftforge.eventbus.EventSubclassTransformer/EVENTBUS]: An error occurred building event handler
java.lang.ClassNotFoundException: net.minecraft.client.particle.TextureSheetParticle
	at cpw.mods.cl.ModuleClassLoader.loadClass(ModuleClassLoader.java:141) ~[securejarhandler-2.1.10.jar:?]
	at java.lang.ClassLoader.loadClass(ClassLoader.java:525) ~[?:?]
	at net.minecraftforge.eventbus.EventSubclassTransformer.buildEvents(EventSubclassTransformer.java:97) ~[eventbus-6.0.5.jar%2352!/:?]
	at net.minecraftforge.eventbus.EventSubclassTransformer.transform(EventSubclassTransformer.java:48) ~[eventbus-6.0.5.jar%2352!/:?]
	at net.minecraftforge.eventbus.EventBusEngine.processClass(EventBusEngine.java:26) ~[eventbus-6.0.5.jar%2352!/:?]
	at net.minecraftforge.eventbus.service.ModLauncherService.processClassWithFlags(ModLauncherService.java:32) ~[eventbus-6.0.5.jar%2352!/:6.0.5+6.0.5+master.eb8e549b]
	at cpw.mods.modlauncher.LaunchPluginHandler.offerClassNodeToPlugins(LaunchPluginHandler.java:88) ~[modlauncher-10.0.9.jar%2355!/:?]
	at cpw.mods.modlauncher.ClassTransformer.transform(ClassTransformer.java:120) ~[modlauncher-10.0.9.jar%2355!/:?]
	at cpw.mods.modlauncher.TransformingClassLoader.maybeTransformClassBytes(TransformingClassLoader.java:50) ~[modlauncher-10.0.9.jar%2355!/:?]
	at cpw.mods.cl.ModuleClassLoader.readerToClass(ModuleClassLoader.java:113) ~[securejarhandler-2.1.10.jar:?]
	at cpw.mods.cl.ModuleClassLoader.lambda$findClass$15(ModuleClassLoader.java:219) ~[securejarhandler-2.1.10.jar:?]
	at cpw.mods.cl.ModuleClassLoader.loadFromModule(ModuleClassLoader.java:229) ~[securejarhandler-2.1.10.jar:?]
	at cpw.mods.cl.ModuleClassLoader.findClass(ModuleClassLoader.java:219) ~[securejarhandler-2.1.10.jar:?]
	at cpw.mods.cl.ModuleClassLoader.loadClass(ModuleClassLoader.java:135) ~[securejarhandler-2.1.10.jar:?]
	at java.lang.ClassLoader.loadClass(ClassLoader.java:525) ~[?:?]
	at java.lang.Class.getDeclaredMethods0(Native Method) ~[?:?]
	at java.lang.Class.privateGetDeclaredMethods(Class.java:3402) ~[?:?]
	at java.lang.Class.getDeclaredMethod(Class.java:2673) ~[?:?]
	at me.jellysquid.mods.lithium.common.reflection.ReflectionUtil.hasMethodOverride(ReflectionUtil.java:13) ~[radium-mc1.20.1-0.12.4+git.26c9d8e.jar%23389!/:?]
	at me.jellysquid.mods.lithium.common.ai.pathing.BlockClassChecker.lambda$hasNonstandardImplementation$0(BlockClassChecker.java:30) ~[radium-mc1.20.1-0.12.4+git.26c9d8e.jar%23389!/:?]
	at java.util.concurrent.ConcurrentHashMap.computeIfAbsent(ConcurrentHashMap.java:1708) ~[?:?]
	at me.jellysquid.mods.lithium.common.ai.pathing.BlockClassChecker.shouldUseDynamicTypeCheck(BlockClassChecker.java:22) ~[radium-mc1.20.1-0.12.4+git.26c9d8e.jar%23389!/:?]
	at net.minecraft.world.level.block.Block.handler$baa000$postConstruct(Block.java:1139) ~[server-1.20.1-20230612.114412-srg.jar%23437!/:?]
	at net.minecraft.world.level.block.Block.<init>(Block.java:181) ~[server-1.20.1-20230612.114412-srg.jar%23437!/:?]
	at com.cerbon.bosses_of_mass_destruction.block.custom.VoidBlossomBlock.<init>(VoidBlossomBlock.java:49) ~[BOMD-Forge-1.20.1-1.1.1.jar%23293!/:1.1.1]
	at com.cerbon.bosses_of_mass_destruction.block.BMDBlocks.lambda$static$2(BMDBlocks.java:24) ~[BOMD-Forge-1.20.1-1.1.1.jar%23293!/:1.1.1]
	at net.minecraftforge.registries.DeferredRegister.lambda$addEntries$1(DeferredRegister.java:386) ~[forge-1.20.1-47.4.0-universal.jar%23442!/:?]
	at net.minecraftforge.registries.RegisterEvent.register(RegisterEvent.java:59) ~[forge-1.20.1-47.4.0-universal.jar%23442!/:?]
	at net.minecraftforge.registries.DeferredRegister.addEntries(DeferredRegister.java:386) ~[forge-1.20.1-47.4.0-universal.jar%23442!/:?]
	at net.minecraftforge.registries.DeferredRegister$EventDispatcher.handleEvent(DeferredRegister.java:328) ~[forge-1.20.1-47.4.0-universal.jar%23442!/:?]
	at net.minecraftforge.registries.__EventDispatcher_handleEvent_RegisterEvent.invoke(.dynamic) ~[forge-1.20.1-47.4.0-universal.jar%23442!/:?]
	at net.minecraftforge.eventbus.ASMEventHandler.invoke(ASMEventHandler.java:73) ~[eventbus-6.0.5.jar%2352!/:?]
	at net.minecraftforge.eventbus.EventBus.post(EventBus.java:315) ~[eventbus-6.0.5.jar%2352!/:?]
	at net.minecraftforge.eventbus.EventBus.post(EventBus.java:296) ~[eventbus-6.0.5.jar%2352!/:?]
	at net.minecraftforge.fml.javafmlmod.FMLModContainer.acceptEvent(FMLModContainer.java:121) ~[javafmllanguage-1.20.1-47.4.0.jar%23439!/:?]
	at net.minecraftforge.fml.ModLoader.lambda$postEventWithWrapInModOrder$33(ModLoader.java:346) ~[fmlcore-1.20.1-47.4.0.jar%23438!/:?]
	at java.lang.Iterable.forEach(Iterable.java:75) ~[?:?]
	at net.minecraftforge.fml.ModList.forEachModInOrder(ModList.java:227) ~[fmlcore-1.20.1-47.4.0.jar%23438!/:?]
	at net.minecraftforge.fml.ModLoader.postEventWithWrapInModOrder(ModLoader.java:344) ~[fmlcore-1.20.1-47.4.0.jar%23438!/:?]
	at net.minecraftforge.fml.ModLoader.postEventWrapContainerInModOrder(ModLoader.java:337) ~[fmlcore-1.20.1-47.4.0.jar%23438!/:?]
	at net.minecraftforge.registries.GameData.postRegisterEvents(GameData.java:329) ~[forge-1.20.1-47.4.0-universal.jar%23442!/:?]
	at net.minecraftforge.common.ForgeStatesProvider.lambda$new$4(ForgeStatesProvider.java:25) ~[forge-1.20.1-47.4.0-universal.jar%23442!/:?]
	at net.minecraftforge.fml.ModLoader.handleInlineTransition(ModLoader.java:217) ~[fmlcore-1.20.1-47.4.0.jar%23438!/:?]
	at net.minecraftforge.fml.ModLoader.lambda$dispatchAndHandleError$19(ModLoader.java:209) ~[fmlcore-1.20.1-47.4.0.jar%23438!/:?]
	at java.util.Optional.ifPresent(Optional.java:178) ~[?:?]
	at net.minecraftforge.fml.ModLoader.dispatchAndHandleError(ModLoader.java:209) ~[fmlcore-1.20.1-47.4.0.jar%23438!/:?]
	at net.minecraftforge.fml.ModLoader.lambda$gatherAndInitializeMods$13(ModLoader.java:183) ~[fmlcore-1.20.1-47.4.0.jar%23438!/:?]
	at java.lang.Iterable.forEach(Iterable.java:75) ~[?:?]
	at net.minecraftforge.fml.ModLoader.gatherAndInitializeMods(ModLoader.java:183) ~[fmlcore-1.20.1-47.4.0.jar%23438!/:?]
	at net.minecraftforge.server.loading.ServerModLoader.load(ServerModLoader.java:30) ~[forge-1.20.1-47.4.0-universal.jar%23442!/:?]
	at net.minecraft.server.Main.main(Main.java:125) ~[server-1.20.1-20230612.114412-srg.jar%23437!/:?]
	at jdk.internal.reflect.NativeMethodAccessorImpl.invoke0(Native Method) ~[?:?]
	at jdk.internal.reflect.NativeMethodAccessorImpl.invoke(NativeMethodAccessorImpl.java:77) ~[?:?]
	at jdk.internal.reflect.DelegatingMethodAccessorImpl.invoke(DelegatingMethodAccessorImpl.java:43) ~[?:?]
	at java.lang.reflect.Method.invoke(Method.java:569) ~[?:?]
	at net.minecraftforge.fml.loading.targets.CommonLaunchHandler.runTarget(CommonLaunchHandler.java:111) ~[fmlloader-1.20.1-47.4.0.jar%2369!/:?]
	at net.minecraftforge.fml.loading.targets.CommonLaunchHandler.serverService(CommonLaunchHandler.java:103) ~[fmlloader-1.20.1-47.4.0.jar%2369!/:?]
	at net.minecraftforge.fml.loading.targets.CommonServerLaunchHandler.lambda$makeService$0(CommonServerLaunchHandler.java:27) ~[fmlloader-1.20.1-47.4.0.jar%2369!/:?]
	at cpw.mods.modlauncher.LaunchServiceHandlerDecorator.launch(LaunchServiceHandlerDecorator.java:30) ~[modlauncher-10.0.9.jar%2355!/:?]
	at cpw.mods.modlauncher.LaunchServiceHandler.launch(LaunchServiceHandler.java:53) ~[modlauncher-10.0.9.jar%2355!/:?]
	at cpw.mods.modlauncher.LaunchServiceHandler.launch(LaunchServiceHandler.java:71) ~[modlauncher-10.0.9.jar%2355!/:?]
	at cpw.mods.modlauncher.Launcher.run(Launcher.java:108) ~[modlauncher-10.0.9.jar%2355!/:?]
	at cpw.mods.modlauncher.Launcher.main(Launcher.java:78) ~[modlauncher-10.0.9.jar%2355!/:?]
	at cpw.mods.modlauncher.BootstrapLaunchConsumer.accept(BootstrapLaunchConsumer.java:26) ~[modlauncher-10.0.9.jar%2355!/:?]
	at cpw.mods.modlauncher.BootstrapLaunchConsumer.accept(BootstrapLaunchConsumer.java:23) ~[modlauncher-10.0.9.jar%2355!/:?]
	at cpw.mods.bootstraplauncher.BootstrapLauncher.main(BootstrapLauncher.java:141) ~[bootstraplauncher-1.1.2.jar:?]
[27Nov2025 20:41:25.069] [main/WARN] [Radium Class Analysis/]: Radium Class Analysis Error: Class com.cerbon.bosses_of_mass_destruction.block.custom.VoidBlossomBlock cannot be analysed, because getting declared methods crashes with NoClassDefFoundError: net/minecraft/client/particle/TextureSheetParticle. This is usually caused by modded entities declaring methods that have a return type or parameter type that is annotated with @OnlyIn(Dist.CLIENT). Loading the type is not possible, because it only exists in the CLIENT environment. The recommended fix is to annotate the method with this argument or return type with the same annotation. Lithium handles this error by assuming the class cannot be included in some optimizations.
[27Nov2025 20:41:25.070] [main/ERROR] [net.minecraftforge.eventbus.EventSubclassTransformer/EVENTBUS]: Could not find parent net/minecraft/client/particle/TextureSheetParticle for class com/cerbon/cerbons_api/api/general/particle/SimpleParticle in classloader cpw.mods.modlauncher.TransformingClassLoader@4ae958b0 on thread Thread[main,5,main]
[27Nov2025 20:41:25.070] [main/ERROR] [net.minecraftforge.eventbus.EventSubclassTransformer/EVENTBUS]: An error occurred building event handler
java.lang.ClassNotFoundException: net.minecraft.client.particle.TextureSheetParticle
	at cpw.mods.cl.ModuleClassLoader.loadClass(ModuleClassLoader.java:141) ~[securejarhandler-2.1.10.jar:?]
	at java.lang.ClassLoader.loadClass(ClassLoader.java:525) ~[?:?]
	at net.minecraftforge.eventbus.EventSubclassTransformer.buildEvents(EventSubclassTransformer.java:97) ~[eventbus-6.0.5.jar%2352!/:?]
	at net.minecraftforge.eventbus.EventSubclassTransformer.transform(EventSubclassTransformer.java:48) ~[eventbus-6.0.5.jar%2352!/:?]
	at net.minecraftforge.eventbus.EventBusEngine.processClass(EventBusEngine.java:26) ~[eventbus-6.0.5.jar%2352!/:?]
	at net.minecraftforge.eventbus.service.ModLauncherService.processClassWithFlags(ModLauncherService.java:32) ~[eventbus-6.0.5.jar%2352!/:6.0.5+6.0.5+master.eb8e549b]
	at cpw.mods.modlauncher.LaunchPluginHandler.offerClassNodeToPlugins(LaunchPluginHandler.java:88) ~[modlauncher-10.0.9.jar%2355!/:?]
	at cpw.mods.modlauncher.ClassTransformer.transform(ClassTransformer.java:120) ~[modlauncher-10.0.9.jar%2355!/:?]
	at cpw.mods.modlauncher.TransformingClassLoader.maybeTransformClassBytes(TransformingClassLoader.java:50) ~[modlauncher-10.0.9.jar%2355!/:?]
	at cpw.mods.cl.ModuleClassLoader.readerToClass(ModuleClassLoader.java:113) ~[securejarhandler-2.1.10.jar:?]
	at cpw.mods.cl.ModuleClassLoader.lambda$findClass$15(ModuleClassLoader.java:219) ~[securejarhandler-2.1.10.jar:?]
	at cpw.mods.cl.ModuleClassLoader.loadFromModule(ModuleClassLoader.java:229) ~[securejarhandler-2.1.10.jar:?]
	at cpw.mods.cl.ModuleClassLoader.findClass(ModuleClassLoader.java:219) ~[securejarhandler-2.1.10.jar:?]
	at cpw.mods.cl.ModuleClassLoader.loadClass(ModuleClassLoader.java:135) ~[securejarhandler-2.1.10.jar:?]
	at java.lang.ClassLoader.loadClass(ClassLoader.java:525) ~[?:?]
	at java.lang.Class.getDeclaredMethods0(Native Method) ~[?:?]
	at java.lang.Class.privateGetDeclaredMethods(Class.java:3402) ~[?:?]
	at java.lang.Class.getDeclaredMethod(Class.java:2673) ~[?:?]
	at me.jellysquid.mods.lithium.common.reflection.ReflectionUtil.hasMethodOverride(ReflectionUtil.java:13) ~[radium-mc1.20.1-0.12.4+git.26c9d8e.jar%23389!/:?]
	at me.jellysquid.mods.lithium.common.ai.pathing.BlockClassChecker.lambda$hasNonstandardImplementation$0(BlockClassChecker.java:30) ~[radium-mc1.20.1-0.12.4+git.26c9d8e.jar%23389!/:?]
	at java.util.concurrent.ConcurrentHashMap.computeIfAbsent(ConcurrentHashMap.java:1708) ~[?:?]
	at me.jellysquid.mods.lithium.common.ai.pathing.BlockClassChecker.shouldUseDynamicBurningCheck(BlockClassChecker.java:26) ~[radium-mc1.20.1-0.12.4+git.26c9d8e.jar%23389!/:?]
	at net.minecraft.world.level.block.Block.handler$baa000$postConstruct(Block.java:1140) ~[server-1.20.1-20230612.114412-srg.jar%23437!/:?]
	at net.minecraft.world.level.block.Block.<init>(Block.java:181) ~[server-1.20.1-20230612.114412-srg.jar%23437!/:?]
	at com.cerbon.bosses_of_mass_destruction.block.custom.VoidBlossomBlock.<init>(VoidBlossomBlock.java:49) ~[BOMD-Forge-1.20.1-1.1.1.jar%23293!/:1.1.1]
	at com.cerbon.bosses_of_mass_destruction.block.BMDBlocks.lambda$static$2(BMDBlocks.java:24) ~[BOMD-Forge-1.20.1-1.1.1.jar%23293!/:1.1.1]
	at net.minecraftforge.registries.DeferredRegister.lambda$addEntries$1(DeferredRegister.java:386) ~[forge-1.20.1-47.4.0-universal.jar%23442!/:?]
	at net.minecraftforge.registries.RegisterEvent.register(RegisterEvent.java:59) ~[forge-1.20.1-47.4.0-universal.jar%23442!/:?]
	at net.minecraftforge.registries.DeferredRegister.addEntries(DeferredRegister.java:386) ~[forge-1.20.1-47.4.0-universal.jar%23442!/:?]
	at net.minecraftforge.registries.DeferredRegister$EventDispatcher.handleEvent(DeferredRegister.java:328) ~[forge-1.20.1-47.4.0-universal.jar%23442!/:?]
	at net.minecraftforge.registries.__EventDispatcher_handleEvent_RegisterEvent.invoke(.dynamic) ~[forge-1.20.1-47.4.0-universal.jar%23442!/:?]
	at net.minecraftforge.eventbus.ASMEventHandler.invoke(ASMEventHandler.java:73) ~[eventbus-6.0.5.jar%2352!/:?]
	at net.minecraftforge.eventbus.EventBus.post(EventBus.java:315) ~[eventbus-6.0.5.jar%2352!/:?]
	at net.minecraftforge.eventbus.EventBus.post(EventBus.java:296) ~[eventbus-6.0.5.jar%2352!/:?]
	at net.minecraftforge.fml.javafmlmod.FMLModContainer.acceptEvent(FMLModContainer.java:121) ~[javafmllanguage-1.20.1-47.4.0.jar%23439!/:?]
	at net.minecraftforge.fml.ModLoader.lambda$postEventWithWrapInModOrder$33(ModLoader.java:346) ~[fmlcore-1.20.1-47.4.0.jar%23438!/:?]
	at java.lang.Iterable.forEach(Iterable.java:75) ~[?:?]
	at net.minecraftforge.fml.ModList.forEachModInOrder(ModList.java:227) ~[fmlcore-1.20.1-47.4.0.jar%23438!/:?]
	at net.minecraftforge.fml.ModLoader.postEventWithWrapInModOrder(ModLoader.java:344) ~[fmlcore-1.20.1-47.4.0.jar%23438!/:?]
	at net.minecraftforge.fml.ModLoader.postEventWrapContainerInModOrder(ModLoader.java:337) ~[fmlcore-1.20.1-47.4.0.jar%23438!/:?]
	at net.minecraftforge.registries.GameData.postRegisterEvents(GameData.java:329) ~[forge-1.20.1-47.4.0-universal.jar%23442!/:?]
	at net.minecraftforge.common.ForgeStatesProvider.lambda$new$4(ForgeStatesProvider.java:25) ~[forge-1.20.1-47.4.0-universal.jar%23442!/:?]
	at net.minecraftforge.fml.ModLoader.handleInlineTransition(ModLoader.java:217) ~[fmlcore-1.20.1-47.4.0.jar%23438!/:?]
	at net.minecraftforge.fml.ModLoader.lambda$dispatchAndHandleError$19(ModLoader.java:209) ~[fmlcore-1.20.1-47.4.0.jar%23438!/:?]
	at java.util.Optional.ifPresent(Optional.java:178) ~[?:?]
	at net.minecraftforge.fml.ModLoader.dispatchAndHandleError(ModLoader.java:209) ~[fmlcore-1.20.1-47.4.0.jar%23438!/:?]
	at net.minecraftforge.fml.ModLoader.lambda$gatherAndInitializeMods$13(ModLoader.java:183) ~[fmlcore-1.20.1-47.4.0.jar%23438!/:?]
	at java.lang.Iterable.forEach(Iterable.java:75) ~[?:?]
	at net.minecraftforge.fml.ModLoader.gatherAndInitializeMods(ModLoader.java:183) ~[fmlcore-1.20.1-47.4.0.jar%23438!/:?]
	at net.minecraftforge.server.loading.ServerModLoader.load(ServerModLoader.java:30) ~[forge-1.20.1-47.4.0-universal.jar%23442!/:?]
	at net.minecraft.server.Main.main(Main.java:125) ~[server-1.20.1-20230612.114412-srg.jar%23437!/:?]
	at jdk.internal.reflect.NativeMethodAccessorImpl.invoke0(Native Method) ~[?:?]
	at jdk.internal.reflect.NativeMethodAccessorImpl.invoke(NativeMethodAccessorImpl.java:77) ~[?:?]
	at jdk.internal.reflect.DelegatingMethodAccessorImpl.invoke(DelegatingMethodAccessorImpl.java:43) ~[?:?]
	at java.lang.reflect.Method.invoke(Method.java:569) ~[?:?]
	at net.minecraftforge.fml.loading.targets.CommonLaunchHandler.runTarget(CommonLaunchHandler.java:111) ~[fmlloader-1.20.1-47.4.0.jar%2369!/:?]
	at net.minecraftforge.fml.loading.targets.CommonLaunchHandler.serverService(CommonLaunchHandler.java:103) ~[fmlloader-1.20.1-47.4.0.jar%2369!/:?]
	at net.minecraftforge.fml.loading.targets.CommonServerLaunchHandler.lambda$makeService$0(CommonServerLaunchHandler.java:27) ~[fmlloader-1.20.1-47.4.0.jar%2369!/:?]
	at cpw.mods.modlauncher.LaunchServiceHandlerDecorator.launch(LaunchServiceHandlerDecorator.java:30) ~[modlauncher-10.0.9.jar%2355!/:?]
	at cpw.mods.modlauncher.LaunchServiceHandler.launch(LaunchServiceHandler.java:53) ~[modlauncher-10.0.9.jar%2355!/:?]
	at cpw.mods.modlauncher.LaunchServiceHandler.launch(LaunchServiceHandler.java:71) ~[modlauncher-10.0.9.jar%2355!/:?]
	at cpw.mods.modlauncher.Launcher.run(Launcher.java:108) ~[modlauncher-10.0.9.jar%2355!/:?]
	at cpw.mods.modlauncher.Launcher.main(Launcher.java:78) ~[modlauncher-10.0.9.jar%2355!/:?]
	at cpw.mods.modlauncher.BootstrapLaunchConsumer.accept(BootstrapLaunchConsumer.java:26) ~[modlauncher-10.0.9.jar%2355!/:?]
	at cpw.mods.modlauncher.BootstrapLaunchConsumer.accept(BootstrapLaunchConsumer.java:23) ~[modlauncher-10.0.9.jar%2355!/:?]
	at cpw.mods.bootstraplauncher.BootstrapLauncher.main(BootstrapLauncher.java:141) ~[bootstraplauncher-1.1.2.jar:?]
[27Nov2025 20:41:25.073] [main/WARN] [Radium Class Analysis/]: Radium Class Analysis Error: Class com.cerbon.bosses_of_mass_destruction.block.custom.VoidBlossomBlock cannot be analysed, because getting declared methods crashes with NoClassDefFoundError: net/minecraft/client/particle/TextureSheetParticle. This is usually caused by modded entities declaring methods that have a return type or parameter type that is annotated with @OnlyIn(Dist.CLIENT). Loading the type is not possible, because it only exists in the CLIENT environment. The recommended fix is to annotate the method with this argument or return type with the same annotation. Lithium handles this error by assuming the class cannot be included in some optimizations.
[27Nov2025 20:41:25.079] [main/ERROR] [net.minecraftforge.eventbus.EventSubclassTransformer/EVENTBUS]: Could not find parent net/minecraft/client/particle/TextureSheetParticle for class com/cerbon/cerbons_api/api/general/particle/SimpleParticle in classloader cpw.mods.modlauncher.TransformingClassLoader@4ae958b0 on thread Thread[main,5,main]
[27Nov2025 20:41:25.079] [main/ERROR] [net.minecraftforge.eventbus.EventSubclassTransformer/EVENTBUS]: An error occurred building event handler
java.lang.ClassNotFoundException: net.minecraft.client.particle.TextureSheetParticle
	at cpw.mods.cl.ModuleClassLoader.loadClass(ModuleClassLoader.java:141) ~[securejarhandler-2.1.10.jar:?]
	at java.lang.ClassLoader.loadClass(ClassLoader.java:525) ~[?:?]
	at net.minecraftforge.eventbus.EventSubclassTransformer.buildEvents(EventSubclassTransformer.java:97) ~[eventbus-6.0.5.jar%2352!/:?]
	at net.minecraftforge.eventbus.EventSubclassTransformer.transform(EventSubclassTransformer.java:48) ~[eventbus-6.0.5.jar%2352!/:?]
	at net.minecraftforge.eventbus.EventBusEngine.processClass(EventBusEngine.java:26) ~[eventbus-6.0.5.jar%2352!/:?]
	at net.minecraftforge.eventbus.service.ModLauncherService.processClassWithFlags(ModLauncherService.java:32) ~[eventbus-6.0.5.jar%2352!/:6.0.5+6.0.5+master.eb8e549b]
	at cpw.mods.modlauncher.LaunchPluginHandler.offerClassNodeToPlugins(LaunchPluginHandler.java:88) ~[modlauncher-10.0.9.jar%2355!/:?]
	at cpw.mods.modlauncher.ClassTransformer.transform(ClassTransformer.java:120) ~[modlauncher-10.0.9.jar%2355!/:?]
	at cpw.mods.modlauncher.TransformingClassLoader.maybeTransformClassBytes(TransformingClassLoader.java:50) ~[modlauncher-10.0.9.jar%2355!/:?]
	at cpw.mods.cl.ModuleClassLoader.readerToClass(ModuleClassLoader.java:113) ~[securejarhandler-2.1.10.jar:?]
	at cpw.mods.cl.ModuleClassLoader.lambda$findClass$15(ModuleClassLoader.java:219) ~[securejarhandler-2.1.10.jar:?]
	at cpw.mods.cl.ModuleClassLoader.loadFromModule(ModuleClassLoader.java:229) ~[securejarhandler-2.1.10.jar:?]
	at cpw.mods.cl.ModuleClassLoader.findClass(ModuleClassLoader.java:219) ~[securejarhandler-2.1.10.jar:?]
	at cpw.mods.cl.ModuleClassLoader.loadClass(ModuleClassLoader.java:135) ~[securejarhandler-2.1.10.jar:?]
	at java.lang.ClassLoader.loadClass(ClassLoader.java:525) ~[?:?]
	at java.lang.Class.getDeclaredMethods0(Native Method) ~[?:?]
	at java.lang.Class.privateGetDeclaredMethods(Class.java:3402) ~[?:?]
	at java.lang.Class.getDeclaredMethod(Class.java:2673) ~[?:?]
	at me.jellysquid.mods.lithium.common.reflection.ReflectionUtil.hasMethodOverride(ReflectionUtil.java:13) ~[radium-mc1.20.1-0.12.4+git.26c9d8e.jar%23389!/:?]
	at me.jellysquid.mods.lithium.common.ai.pathing.BlockClassChecker.lambda$hasNonstandardImplementation$0(BlockClassChecker.java:30) ~[radium-mc1.20.1-0.12.4+git.26c9d8e.jar%23389!/:?]
	at java.util.concurrent.ConcurrentHashMap.computeIfAbsent(ConcurrentHashMap.java:1708) ~[?:?]
	at me.jellysquid.mods.lithium.common.ai.pathing.BlockClassChecker.shouldUseDynamicTypeCheck(BlockClassChecker.java:22) ~[radium-mc1.20.1-0.12.4+git.26c9d8e.jar%23389!/:?]
	at net.minecraft.world.level.block.Block.handler$baa000$postConstruct(Block.java:1139) ~[server-1.20.1-20230612.114412-srg.jar%23437!/:?]
	at net.minecraft.world.level.block.Block.<init>(Block.java:181) ~[server-1.20.1-20230612.114412-srg.jar%23437!/:?]
	at net.minecraft.world.level.block.BaseEntityBlock.<init>(BaseEntityBlock.java:15) ~[server-1.20.1-20230612.114412-srg.jar%23437!/:?]
	at com.cerbon.bosses_of_mass_destruction.block.custom.MobWardBlock.<init>(MobWardBlock.java:45) ~[BOMD-Forge-1.20.1-1.1.1.jar%23293!/:1.1.1]
	at com.cerbon.bosses_of_mass_destruction.block.BMDBlocks.lambda$static$10(BMDBlocks.java:42) ~[BOMD-Forge-1.20.1-1.1.1.jar%23293!/:1.1.1]
	at net.minecraftforge.registries.DeferredRegister.lambda$addEntries$1(DeferredRegister.java:386) ~[forge-1.20.1-47.4.0-universal.jar%23442!/:?]
	at net.minecraftforge.registries.RegisterEvent.register(RegisterEvent.java:59) ~[forge-1.20.1-47.4.0-universal.jar%23442!/:?]
	at net.minecraftforge.registries.DeferredRegister.addEntries(DeferredRegister.java:386) ~[forge-1.20.1-47.4.0-universal.jar%23442!/:?]
	at net.minecraftforge.registries.DeferredRegister$EventDispatcher.handleEvent(DeferredRegister.java:328) ~[forge-1.20.1-47.4.0-universal.jar%23442!/:?]
	at net.minecraftforge.registries.__EventDispatcher_handleEvent_RegisterEvent.invoke(.dynamic) ~[forge-1.20.1-47.4.0-universal.jar%23442!/:?]
	at net.minecraftforge.eventbus.ASMEventHandler.invoke(ASMEventHandler.java:73) ~[eventbus-6.0.5.jar%2352!/:?]
	at net.minecraftforge.eventbus.EventBus.post(EventBus.java:315) ~[eventbus-6.0.5.jar%2352!/:?]
	at net.minecraftforge.eventbus.EventBus.post(EventBus.java:296) ~[eventbus-6.0.5.jar%2352!/:?]
	at net.minecraftforge.fml.javafmlmod.FMLModContainer.acceptEvent(FMLModContainer.java:121) ~[javafmllanguage-1.20.1-47.4.0.jar%23439!/:?]
	at net.minecraftforge.fml.ModLoader.lambda$postEventWithWrapInModOrder$33(ModLoader.java:346) ~[fmlcore-1.20.1-47.4.0.jar%23438!/:?]
	at java.lang.Iterable.forEach(Iterable.java:75) ~[?:?]
	at net.minecraftforge.fml.ModList.forEachModInOrder(ModList.java:227) ~[fmlcore-1.20.1-47.4.0.jar%23438!/:?]
	at net.minecraftforge.fml.ModLoader.postEventWithWrapInModOrder(ModLoader.java:344) ~[fmlcore-1.20.1-47.4.0.jar%23438!/:?]
	at net.minecraftforge.fml.ModLoader.postEventWrapContainerInModOrder(ModLoader.java:337) ~[fmlcore-1.20.1-47.4.0.jar%23438!/:?]
	at net.minecraftforge.registries.GameData.postRegisterEvents(GameData.java:329) ~[forge-1.20.1-47.4.0-universal.jar%23442!/:?]
	at net.minecraftforge.common.ForgeStatesProvider.lambda$new$4(ForgeStatesProvider.java:25) ~[forge-1.20.1-47.4.0-universal.jar%23442!/:?]
	at net.minecraftforge.fml.ModLoader.handleInlineTransition(ModLoader.java:217) ~[fmlcore-1.20.1-47.4.0.jar%23438!/:?]
	at net.minecraftforge.fml.ModLoader.lambda$dispatchAndHandleError$19(ModLoader.java:209) ~[fmlcore-1.20.1-47.4.0.jar%23438!/:?]
	at java.util.Optional.ifPresent(Optional.java:178) ~[?:?]
	at net.minecraftforge.fml.ModLoader.dispatchAndHandleError(ModLoader.java:209) ~[fmlcore-1.20.1-47.4.0.jar%23438!/:?]
	at net.minecraftforge.fml.ModLoader.lambda$gatherAndInitializeMods$13(ModLoader.java:183) ~[fmlcore-1.20.1-47.4.0.jar%23438!/:?]
	at java.lang.Iterable.forEach(Iterable.java:75) ~[?:?]
	at net.minecraftforge.fml.ModLoader.gatherAndInitializeMods(ModLoader.java:183) ~[fmlcore-1.20.1-47.4.0.jar%23438!/:?]
	at net.minecraftforge.server.loading.ServerModLoader.load(ServerModLoader.java:30) ~[forge-1.20.1-47.4.0-universal.jar%23442!/:?]
	at net.minecraft.server.Main.main(Main.java:125) ~[server-1.20.1-20230612.114412-srg.jar%23437!/:?]
	at jdk.internal.reflect.NativeMethodAccessorImpl.invoke0(Native Method) ~[?:?]
	at jdk.internal.reflect.NativeMethodAccessorImpl.invoke(NativeMethodAccessorImpl.java:77) ~[?:?]
	at jdk.internal.reflect.DelegatingMethodAccessorImpl.invoke(DelegatingMethodAccessorImpl.java:43) ~[?:?]
	at java.lang.reflect.Method.invoke(Method.java:569) ~[?:?]
	at net.minecraftforge.fml.loading.targets.CommonLaunchHandler.runTarget(CommonLaunchHandler.java:111) ~[fmlloader-1.20.1-47.4.0.jar%2369!/:?]
	at net.minecraftforge.fml.loading.targets.CommonLaunchHandler.serverService(CommonLaunchHandler.java:103) ~[fmlloader-1.20.1-47.4.0.jar%2369!/:?]
	at net.minecraftforge.fml.loading.targets.CommonServerLaunchHandler.lambda$makeService$0(CommonServerLaunchHandler.java:27) ~[fmlloader-1.20.1-47.4.0.jar%2369!/:?]
	at cpw.mods.modlauncher.LaunchServiceHandlerDecorator.launch(LaunchServiceHandlerDecorator.java:30) ~[modlauncher-10.0.9.jar%2355!/:?]
	at cpw.mods.modlauncher.LaunchServiceHandler.launch(LaunchServiceHandler.java:53) ~[modlauncher-10.0.9.jar%2355!/:?]
	at cpw.mods.modlauncher.LaunchServiceHandler.launch(LaunchServiceHandler.java:71) ~[modlauncher-10.0.9.jar%2355!/:?]
	at cpw.mods.modlauncher.Launcher.run(Launcher.java:108) ~[modlauncher-10.0.9.jar%2355!/:?]
	at cpw.mods.modlauncher.Launcher.main(Launcher.java:78) ~[modlauncher-10.0.9.jar%2355!/:?]
	at cpw.mods.modlauncher.BootstrapLaunchConsumer.accept(BootstrapLaunchConsumer.java:26) ~[modlauncher-10.0.9.jar%2355!/:?]
	at cpw.mods.modlauncher.BootstrapLaunchConsumer.accept(BootstrapLaunchConsumer.java:23) ~[modlauncher-10.0.9.jar%2355!/:?]
	at cpw.mods.bootstraplauncher.BootstrapLauncher.main(BootstrapLauncher.java:141) ~[bootstraplauncher-1.1.2.jar:?]
[27Nov2025 20:41:25.083] [main/WARN] [Radium Class Analysis/]: Radium Class Analysis Error: Class com.cerbon.bosses_of_mass_destruction.block.custom.MobWardBlock cannot be analysed, because getting declared methods crashes with NoClassDefFoundError: net/minecraft/client/particle/TextureSheetParticle. This is usually caused by modded entities declaring methods that have a return type or parameter type that is annotated with @OnlyIn(Dist.CLIENT). Loading the type is not possible, because it only exists in the CLIENT environment. The recommended fix is to annotate the method with this argument or return type with the same annotation. Lithium handles this error by assuming the class cannot be included in some optimizations.
[27Nov2025 20:41:25.084] [main/ERROR] [net.minecraftforge.eventbus.EventSubclassTransformer/EVENTBUS]: Could not find parent net/minecraft/client/particle/TextureSheetParticle for class com/cerbon/cerbons_api/api/general/particle/SimpleParticle in classloader cpw.mods.modlauncher.TransformingClassLoader@4ae958b0 on thread Thread[main,5,main]
[27Nov2025 20:41:25.084] [main/ERROR] [net.minecraftforge.eventbus.EventSubclassTransformer/EVENTBUS]: An error occurred building event handler
java.lang.ClassNotFoundException: net.minecraft.client.particle.TextureSheetParticle
	at cpw.mods.cl.ModuleClassLoader.loadClass(ModuleClassLoader.java:141) ~[securejarhandler-2.1.10.jar:?]
	at java.lang.ClassLoader.loadClass(ClassLoader.java:525) ~[?:?]
	at net.minecraftforge.eventbus.EventSubclassTransformer.buildEvents(EventSubclassTransformer.java:97) ~[eventbus-6.0.5.jar%2352!/:?]
	at net.minecraftforge.eventbus.EventSubclassTransformer.transform(EventSubclassTransformer.java:48) ~[eventbus-6.0.5.jar%2352!/:?]
	at net.minecraftforge.eventbus.EventBusEngine.processClass(EventBusEngine.java:26) ~[eventbus-6.0.5.jar%2352!/:?]
	at net.minecraftforge.eventbus.service.ModLauncherService.processClassWithFlags(ModLauncherService.java:32) ~[eventbus-6.0.5.jar%2352!/:6.0.5+6.0.5+master.eb8e549b]
	at cpw.mods.modlauncher.LaunchPluginHandler.offerClassNodeToPlugins(LaunchPluginHandler.java:88) ~[modlauncher-10.0.9.jar%2355!/:?]
	at cpw.mods.modlauncher.ClassTransformer.transform(ClassTransformer.java:120) ~[modlauncher-10.0.9.jar%2355!/:?]
	at cpw.mods.modlauncher.TransformingClassLoader.maybeTransformClassBytes(TransformingClassLoader.java:50) ~[modlauncher-10.0.9.jar%2355!/:?]
	at cpw.mods.cl.ModuleClassLoader.readerToClass(ModuleClassLoader.java:113) ~[securejarhandler-2.1.10.jar:?]
	at cpw.mods.cl.ModuleClassLoader.lambda$findClass$15(ModuleClassLoader.java:219) ~[securejarhandler-2.1.10.jar:?]
	at cpw.mods.cl.ModuleClassLoader.loadFromModule(ModuleClassLoader.java:229) ~[securejarhandler-2.1.10.jar:?]
	at cpw.mods.cl.ModuleClassLoader.findClass(ModuleClassLoader.java:219) ~[securejarhandler-2.1.10.jar:?]
	at cpw.mods.cl.ModuleClassLoader.loadClass(ModuleClassLoader.java:135) ~[securejarhandler-2.1.10.jar:?]
	at java.lang.ClassLoader.loadClass(ClassLoader.java:525) ~[?:?]
	at java.lang.Class.getDeclaredMethods0(Native Method) ~[?:?]
	at java.lang.Class.privateGetDeclaredMethods(Class.java:3402) ~[?:?]
	at java.lang.Class.getDeclaredMethod(Class.java:2673) ~[?:?]
	at me.jellysquid.mods.lithium.common.reflection.ReflectionUtil.hasMethodOverride(ReflectionUtil.java:13) ~[radium-mc1.20.1-0.12.4+git.26c9d8e.jar%23389!/:?]
	at me.jellysquid.mods.lithium.common.ai.pathing.BlockClassChecker.lambda$hasNonstandardImplementation$0(BlockClassChecker.java:30) ~[radium-mc1.20.1-0.12.4+git.26c9d8e.jar%23389!/:?]
	at java.util.concurrent.ConcurrentHashMap.computeIfAbsent(ConcurrentHashMap.java:1708) ~[?:?]
	at me.jellysquid.mods.lithium.common.ai.pathing.BlockClassChecker.shouldUseDynamicBurningCheck(BlockClassChecker.java:26) ~[radium-mc1.20.1-0.12.4+git.26c9d8e.jar%23389!/:?]
	at net.minecraft.world.level.block.Block.handler$baa000$postConstruct(Block.java:1140) ~[server-1.20.1-20230612.114412-srg.jar%23437!/:?]
	at net.minecraft.world.level.block.Block.<init>(Block.java:181) ~[server-1.20.1-20230612.114412-srg.jar%23437!/:?]
	at net.minecraft.world.level.block.BaseEntityBlock.<init>(BaseEntityBlock.java:15) ~[server-1.20.1-20230612.114412-srg.jar%23437!/:?]
	at com.cerbon.bosses_of_mass_destruction.block.custom.MobWardBlock.<init>(MobWardBlock.java:45) ~[BOMD-Forge-1.20.1-1.1.1.jar%23293!/:1.1.1]
	at com.cerbon.bosses_of_mass_destruction.block.BMDBlocks.lambda$static$10(BMDBlocks.java:42) ~[BOMD-Forge-1.20.1-1.1.1.jar%23293!/:1.1.1]
	at net.minecraftforge.registries.DeferredRegister.lambda$addEntries$1(DeferredRegister.java:386) ~[forge-1.20.1-47.4.0-universal.jar%23442!/:?]
	at net.minecraftforge.registries.RegisterEvent.register(RegisterEvent.java:59) ~[forge-1.20.1-47.4.0-universal.jar%23442!/:?]
	at net.minecraftforge.registries.DeferredRegister.addEntries(DeferredRegister.java:386) ~[forge-1.20.1-47.4.0-universal.jar%23442!/:?]
	at net.minecraftforge.registries.DeferredRegister$EventDispatcher.handleEvent(DeferredRegister.java:328) ~[forge-1.20.1-47.4.0-universal.jar%23442!/:?]
	at net.minecraftforge.registries.__EventDispatcher_handleEvent_RegisterEvent.invoke(.dynamic) ~[forge-1.20.1-47.4.0-universal.jar%23442!/:?]
	at net.minecraftforge.eventbus.ASMEventHandler.invoke(ASMEventHandler.java:73) ~[eventbus-6.0.5.jar%2352!/:?]
	at net.minecraftforge.eventbus.EventBus.post(EventBus.java:315) ~[eventbus-6.0.5.jar%2352!/:?]
	at net.minecraftforge.eventbus.EventBus.post(EventBus.java:296) ~[eventbus-6.0.5.jar%2352!/:?]
	at net.minecraftforge.fml.javafmlmod.FMLModContainer.acceptEvent(FMLModContainer.java:121) ~[javafmllanguage-1.20.1-47.4.0.jar%23439!/:?]
	at net.minecraftforge.fml.ModLoader.lambda$postEventWithWrapInModOrder$33(ModLoader.java:346) ~[fmlcore-1.20.1-47.4.0.jar%23438!/:?]
	at java.lang.Iterable.forEach(Iterable.java:75) ~[?:?]
	at net.minecraftforge.fml.ModList.forEachModInOrder(ModList.java:227) ~[fmlcore-1.20.1-47.4.0.jar%23438!/:?]
	at net.minecraftforge.fml.ModLoader.postEventWithWrapInModOrder(ModLoader.java:344) ~[fmlcore-1.20.1-47.4.0.jar%23438!/:?]
	at net.minecraftforge.fml.ModLoader.postEventWrapContainerInModOrder(ModLoader.java:337) ~[fmlcore-1.20.1-47.4.0.jar%23438!/:?]
	at net.minecraftforge.registries.GameData.postRegisterEvents(GameData.java:329) ~[forge-1.20.1-47.4.0-universal.jar%23442!/:?]
	at net.minecraftforge.common.ForgeStatesProvider.lambda$new$4(ForgeStatesProvider.java:25) ~[forge-1.20.1-47.4.0-universal.jar%23442!/:?]
	at net.minecraftforge.fml.ModLoader.handleInlineTransition(ModLoader.java:217) ~[fmlcore-1.20.1-47.4.0.jar%23438!/:?]
	at net.minecraftforge.fml.ModLoader.lambda$dispatchAndHandleError$19(ModLoader.java:209) ~[fmlcore-1.20.1-47.4.0.jar%23438!/:?]
	at java.util.Optional.ifPresent(Optional.java:178) ~[?:?]
	at net.minecraftforge.fml.ModLoader.dispatchAndHandleError(ModLoader.java:209) ~[fmlcore-1.20.1-47.4.0.jar%23438!/:?]
	at net.minecraftforge.fml.ModLoader.lambda$gatherAndInitializeMods$13(ModLoader.java:183) ~[fmlcore-1.20.1-47.4.0.jar%23438!/:?]
	at java.lang.Iterable.forEach(Iterable.java:75) ~[?:?]
	at net.minecraftforge.fml.ModLoader.gatherAndInitializeMods(ModLoader.java:183) ~[fmlcore-1.20.1-47.4.0.jar%23438!/:?]
	at net.minecraftforge.server.loading.ServerModLoader.load(ServerModLoader.java:30) ~[forge-1.20.1-47.4.0-universal.jar%23442!/:?]
	at net.minecraft.server.Main.main(Main.java:125) ~[server-1.20.1-20230612.114412-srg.jar%23437!/:?]
	at jdk.internal.reflect.NativeMethodAccessorImpl.invoke0(Native Method) ~[?:?]
	at jdk.internal.reflect.NativeMethodAccessorImpl.invoke(NativeMethodAccessorImpl.java:77) ~[?:?]
	at jdk.internal.reflect.DelegatingMethodAccessorImpl.invoke(DelegatingMethodAccessorImpl.java:43) ~[?:?]
	at java.lang.reflect.Method.invoke(Method.java:569) ~[?:?]
	at net.minecraftforge.fml.loading.targets.CommonLaunchHandler.runTarget(CommonLaunchHandler.java:111) ~[fmlloader-1.20.1-47.4.0.jar%2369!/:?]
	at net.minecraftforge.fml.loading.targets.CommonLaunchHandler.serverService(CommonLaunchHandler.java:103) ~[fmlloader-1.20.1-47.4.0.jar%2369!/:?]
	at net.minecraftforge.fml.loading.targets.CommonServerLaunchHandler.lambda$makeService$0(CommonServerLaunchHandler.java:27) ~[fmlloader-1.20.1-47.4.0.jar%2369!/:?]
	at cpw.mods.modlauncher.LaunchServiceHandlerDecorator.launch(LaunchServiceHandlerDecorator.java:30) ~[modlauncher-10.0.9.jar%2355!/:?]
	at cpw.mods.modlauncher.LaunchServiceHandler.launch(LaunchServiceHandler.java:53) ~[modlauncher-10.0.9.jar%2355!/:?]
	at cpw.mods.modlauncher.LaunchServiceHandler.launch(LaunchServiceHandler.java:71) ~[modlauncher-10.0.9.jar%2355!/:?]
	at cpw.mods.modlauncher.Launcher.run(Launcher.java:108) ~[modlauncher-10.0.9.jar%2355!/:?]
	at cpw.mods.modlauncher.Launcher.main(Launcher.java:78) ~[modlauncher-10.0.9.jar%2355!/:?]
	at cpw.mods.modlauncher.BootstrapLaunchConsumer.accept(BootstrapLaunchConsumer.java:26) ~[modlauncher-10.0.9.jar%2355!/:?]
	at cpw.mods.modlauncher.BootstrapLaunchConsumer.accept(BootstrapLaunchConsumer.java:23) ~[modlauncher-10.0.9.jar%2355!/:?]
	at cpw.mods.bootstraplauncher.BootstrapLauncher.main(BootstrapLauncher.java:141) ~[bootstraplauncher-1.1.2.jar:?]
[27Nov2025 20:41:25.087] [main/WARN] [Radium Class Analysis/]: Radium Class Analysis Error: Class com.cerbon.bosses_of_mass_destruction.block.custom.MobWardBlock cannot be analysed, because getting declared methods crashes with NoClassDefFoundError: net/minecraft/client/particle/TextureSheetParticle. This is usually caused by modded entities declaring methods that have a return type or parameter type that is annotated with @OnlyIn(Dist.CLIENT). Loading the type is not possible, because it only exists in the CLIENT environment. The recommended fix is to annotate the method with this argument or return type with the same annotation. Lithium handles this error by assuming the class cannot be included in some optimizations.
[27Nov2025 20:41:25.669] [main/INFO] [Moonlight/]: Initialized block sets in 28ms
[27Nov2025 20:41:26.218] [main/INFO] [ModernFix/]: Bypassed Mojang DFU
[27Nov2025 20:41:26.218] [main/INFO] [ModernFix/]: Instantiating Mojang DFU
[27Nov2025 20:41:27.177] [main/INFO] [ModdingLegacy/StructureGel/]: [structure_gel] Registering data for structure_gel:loot_table_alias
[27Nov2025 20:41:27.189] [main/INFO] [ModdingLegacy/StructureGel/]: [structure_gel] Registering data for structure_gel:data_handler_type
[27Nov2025 20:41:27.193] [main/INFO] [ModdingLegacy/StructureGel/]: [structure_gel] Registering data for structure_gel:dynamic_spawner
[27Nov2025 20:41:27.195] [main/INFO] [ModdingLegacy/StructureGel/]: [structure_gel] Registering data for structure_gel:jigsaw_type
[27Nov2025 20:41:27.321] [main/WARN] [net.minecraft.network.syncher.SynchedEntityData/]: defineId called for: class com.naterbobber.darkerdepths.entities.VoidSoulKnightEntity from class com.naterbobber.darkerdepths.entities.VoidSoulEntity
[27Nov2025 20:41:27.345] [main/WARN] [net.minecraft.network.syncher.SynchedEntityData/]: defineId called for: class net.minecraft.world.entity.animal.sniffer.Sniffer from class com.mysticsbiomes.common.entity.animal.SeaOtter
[27Nov2025 20:41:27.354] [main/INFO] [Easy NPC/]: - Registering Synched Attack Data for EasyNPCBaseEntity.
[27Nov2025 20:41:27.355] [main/WARN] [net.minecraft.network.syncher.SynchedEntityData/]: defineId called for: class de.markusbordihn.easynpc.entity.EasyNPCBaseEntity from interface de.markusbordihn.easynpc.entity.easynpc.data.AttackData
[27Nov2025 20:41:27.355] [main/INFO] [Easy NPC/]: - Registering Synched Attribute Data for EasyNPCBaseEntity.
[27Nov2025 20:41:27.355] [main/WARN] [net.minecraft.network.syncher.SynchedEntityData/]: defineId called for: class de.markusbordihn.easynpc.entity.EasyNPCBaseEntity from interface de.markusbordihn.easynpc.entity.easynpc.data.AttributeData
[27Nov2025 20:41:27.355] [main/INFO] [Easy NPC/]: - Registering Synched Custom Attribute Data for EasyNPCBaseEntity.
[27Nov2025 20:41:27.355] [main/WARN] [net.minecraft.network.syncher.SynchedEntityData/]: defineId called for: class de.markusbordihn.easynpc.entity.EasyNPCBaseEntity from interface de.markusbordihn.easynpc.entity.easynpc.data.CustomAttributeData
[27Nov2025 20:41:27.355] [main/INFO] [Easy NPC/]: - Registering Synched Display Attribute Data for EasyNPCBaseEntity.
[27Nov2025 20:41:27.356] [main/WARN] [net.minecraft.network.syncher.SynchedEntityData/]: defineId called for: class de.markusbordihn.easynpc.entity.EasyNPCBaseEntity from interface de.markusbordihn.easynpc.entity.easynpc.data.DisplayAttributeData
[27Nov2025 20:41:27.356] [main/INFO] [Easy NPC/]: - Registering Synched Navigation Data for EasyNPCBaseEntity.
[27Nov2025 20:41:27.356] [main/WARN] [net.minecraft.network.syncher.SynchedEntityData/]: defineId called for: class de.markusbordihn.easynpc.entity.EasyNPCBaseEntity from interface de.markusbordihn.easynpc.entity.easynpc.data.NavigationData
[27Nov2025 20:41:27.356] [main/INFO] [Easy NPC/]: - Registering Synched Owner Data for EasyNPCBaseEntity.
[27Nov2025 20:41:27.356] [main/WARN] [net.minecraft.network.syncher.SynchedEntityData/]: defineId called for: class de.markusbordihn.easynpc.entity.EasyNPCBaseEntity from interface de.markusbordihn.easynpc.entity.easynpc.data.OwnerData
[27Nov2025 20:41:27.357] [main/INFO] [Easy NPC/]: - Registering Synched Profession Data for EasyNPCBaseEntity.
[27Nov2025 20:41:27.357] [main/WARN] [net.minecraft.network.syncher.SynchedEntityData/]: defineId called for: class de.markusbordihn.easynpc.entity.EasyNPCBaseEntity from interface de.markusbordihn.easynpc.entity.easynpc.data.ProfessionData
[27Nov2025 20:41:27.357] [main/INFO] [Easy NPC/]: - Registering Synched Render Data for EasyNPCBaseEntity.
[27Nov2025 20:41:27.357] [main/WARN] [net.minecraft.network.syncher.SynchedEntityData/]: defineId called for: class de.markusbordihn.easynpc.entity.EasyNPCBaseEntity from interface de.markusbordihn.easynpc.entity.easynpc.data.RenderData
[27Nov2025 20:41:27.357] [main/INFO] [Easy NPC/]: - Registering Synched Skin Data for EasyNPCBaseEntity.
[27Nov2025 20:41:27.357] [main/WARN] [net.minecraft.network.syncher.SynchedEntityData/]: defineId called for: class de.markusbordihn.easynpc.entity.EasyNPCBaseEntity from interface de.markusbordihn.easynpc.entity.easynpc.data.SkinData
[27Nov2025 20:41:27.358] [main/INFO] [Easy NPC/]: - Registering Synched Sound Data for EasyNPCBaseEntity.
[27Nov2025 20:41:27.358] [main/WARN] [net.minecraft.network.syncher.SynchedEntityData/]: defineId called for: class de.markusbordihn.easynpc.entity.EasyNPCBaseEntity from interface de.markusbordihn.easynpc.entity.easynpc.data.SoundData
[27Nov2025 20:41:27.358] [main/INFO] [Easy NPC/]: - Registering Synched Trading Data for EasyNPCBaseEntity.
[27Nov2025 20:41:27.358] [main/WARN] [net.minecraft.network.syncher.SynchedEntityData/]: defineId called for: class de.markusbordihn.easynpc.entity.EasyNPCBaseEntity from interface de.markusbordihn.easynpc.entity.easynpc.data.TradingData
[27Nov2025 20:41:27.358] [main/WARN] [net.minecraft.network.syncher.SynchedEntityData/]: defineId called for: class de.markusbordihn.easynpc.entity.EasyNPCBaseEntity from interface de.markusbordihn.easynpc.entity.easynpc.data.TradingData
[27Nov2025 20:41:27.358] [main/WARN] [net.minecraft.network.syncher.SynchedEntityData/]: defineId called for: class de.markusbordihn.easynpc.entity.EasyNPCBaseEntity from interface de.markusbordihn.easynpc.entity.easynpc.data.TradingData
[27Nov2025 20:41:27.359] [main/INFO] [Easy NPC/]: - Registering Synched Variant Data for EasyNPCBaseEntity.
[27Nov2025 20:41:27.359] [main/WARN] [net.minecraft.network.syncher.SynchedEntityData/]: defineId called for: class de.markusbordihn.easynpc.entity.EasyNPCBaseEntity from interface de.markusbordihn.easynpc.entity.easynpc.data.VariantData
[27Nov2025 20:41:27.359] [main/INFO] [Easy NPC/]: - Registering Synched Model Data for EasyNPCBaseModelEntity.
[27Nov2025 20:41:27.359] [main/WARN] [net.minecraft.network.syncher.SynchedEntityData/]: defineId called for: class de.markusbordihn.easynpc.entity.EasyNPCBaseModelEntity from interface de.markusbordihn.easynpc.entity.easynpc.data.ModelData
[27Nov2025 20:41:27.359] [main/WARN] [net.minecraft.network.syncher.SynchedEntityData/]: defineId called for: class de.markusbordihn.easynpc.entity.EasyNPCBaseModelEntity from interface de.markusbordihn.easynpc.entity.easynpc.data.ModelData
[27Nov2025 20:41:27.359] [main/WARN] [net.minecraft.network.syncher.SynchedEntityData/]: defineId called for: class de.markusbordihn.easynpc.entity.EasyNPCBaseModelEntity from interface de.markusbordihn.easynpc.entity.easynpc.data.ModelData
[27Nov2025 20:41:27.360] [main/WARN] [net.minecraft.network.syncher.SynchedEntityData/]: defineId called for: class de.markusbordihn.easynpc.entity.EasyNPCBaseModelEntity from interface de.markusbordihn.easynpc.entity.easynpc.data.ModelData
[27Nov2025 20:41:27.360] [main/WARN] [net.minecraft.network.syncher.SynchedEntityData/]: defineId called for: class de.markusbordihn.easynpc.entity.EasyNPCBaseModelEntity from interface de.markusbordihn.easynpc.entity.easynpc.data.ModelData
[27Nov2025 20:41:27.360] [main/WARN] [net.minecraft.network.syncher.SynchedEntityData/]: defineId called for: class de.markusbordihn.easynpc.entity.EasyNPCBaseModelEntity from interface de.markusbordihn.easynpc.entity.easynpc.data.ModelData
[27Nov2025 20:41:27.360] [main/WARN] [net.minecraft.network.syncher.SynchedEntityData/]: defineId called for: class de.markusbordihn.easynpc.entity.EasyNPCBaseModelEntity from interface de.markusbordihn.easynpc.entity.easynpc.data.ModelData
[27Nov2025 20:41:27.360] [main/WARN] [net.minecraft.network.syncher.SynchedEntityData/]: defineId called for: class de.markusbordihn.easynpc.entity.EasyNPCBaseModelEntity from interface de.markusbordihn.easynpc.entity.easynpc.data.ModelData
[27Nov2025 20:41:27.360] [main/WARN] [net.minecraft.network.syncher.SynchedEntityData/]: defineId called for: class de.markusbordihn.easynpc.entity.EasyNPCBaseModelEntity from interface de.markusbordihn.easynpc.entity.easynpc.data.ModelData
[27Nov2025 20:41:27.360] [main/WARN] [net.minecraft.network.syncher.SynchedEntityData/]: defineId called for: class de.markusbordihn.easynpc.entity.EasyNPCBaseModelEntity from interface de.markusbordihn.easynpc.entity.easynpc.data.ModelData
[27Nov2025 20:41:27.361] [main/INFO] [Easy NPC/]: - Registering Synched Model Position Data for EasyNPCBaseModelEntity.
[27Nov2025 20:41:27.361] [main/WARN] [net.minecraft.network.syncher.SynchedEntityData/]: defineId called for: class de.markusbordihn.easynpc.entity.EasyNPCBaseModelEntity from interface de.markusbordihn.easynpc.entity.easynpc.data.ModelPositionData
[27Nov2025 20:41:27.361] [main/WARN] [net.minecraft.network.syncher.SynchedEntityData/]: defineId called for: class de.markusbordihn.easynpc.entity.EasyNPCBaseModelEntity from interface de.markusbordihn.easynpc.entity.easynpc.data.ModelPositionData
[27Nov2025 20:41:27.361] [main/WARN] [net.minecraft.network.syncher.SynchedEntityData/]: defineId called for: class de.markusbordihn.easynpc.entity.EasyNPCBaseModelEntity from interface de.markusbordihn.easynpc.entity.easynpc.data.ModelPositionData
[27Nov2025 20:41:27.361] [main/WARN] [net.minecraft.network.syncher.SynchedEntityData/]: defineId called for: class de.markusbordihn.easynpc.entity.EasyNPCBaseModelEntity from interface de.markusbordihn.easynpc.entity.easynpc.data.ModelPositionData
[27Nov2025 20:41:27.361] [main/WARN] [net.minecraft.network.syncher.SynchedEntityData/]: defineId called for: class de.markusbordihn.easynpc.entity.EasyNPCBaseModelEntity from interface de.markusbordihn.easynpc.entity.easynpc.data.ModelPositionData
[27Nov2025 20:41:27.362] [main/WARN] [net.minecraft.network.syncher.SynchedEntityData/]: defineId called for: class de.markusbordihn.easynpc.entity.EasyNPCBaseModelEntity from interface de.markusbordihn.easynpc.entity.easynpc.data.ModelPositionData
[27Nov2025 20:41:27.362] [main/WARN] [net.minecraft.network.syncher.SynchedEntityData/]: defineId called for: class de.markusbordihn.easynpc.entity.EasyNPCBaseModelEntity from interface de.markusbordihn.easynpc.entity.easynpc.data.ModelPositionData
[27Nov2025 20:41:27.362] [main/INFO] [Easy NPC/]: - Registering Synched Model Rotation Data for EasyNPCBaseModelEntity.
[27Nov2025 20:41:27.362] [main/WARN] [net.minecraft.network.syncher.SynchedEntityData/]: defineId called for: class de.markusbordihn.easynpc.entity.EasyNPCBaseModelEntity from interface de.markusbordihn.easynpc.entity.easynpc.data.ModelRotationData
[27Nov2025 20:41:27.362] [main/WARN] [net.minecraft.network.syncher.SynchedEntityData/]: defineId called for: class de.markusbordihn.easynpc.entity.EasyNPCBaseModelEntity from interface de.markusbordihn.easynpc.entity.easynpc.data.ModelRotationData
[27Nov2025 20:41:27.363] [main/WARN] [net.minecraft.network.syncher.SynchedEntityData/]: defineId called for: class de.markusbordihn.easynpc.entity.EasyNPCBaseModelEntity from interface de.markusbordihn.easynpc.entity.easynpc.data.ModelRotationData
[27Nov2025 20:41:27.363] [main/WARN] [net.minecraft.network.syncher.SynchedEntityData/]: defineId called for: class de.markusbordihn.easynpc.entity.EasyNPCBaseModelEntity from interface de.markusbordihn.easynpc.entity.easynpc.data.ModelRotationData
[27Nov2025 20:41:27.363] [main/WARN] [net.minecraft.network.syncher.SynchedEntityData/]: defineId called for: class de.markusbordihn.easynpc.entity.EasyNPCBaseModelEntity from interface de.markusbordihn.easynpc.entity.easynpc.data.ModelRotationData
[27Nov2025 20:41:27.363] [main/WARN] [net.minecraft.network.syncher.SynchedEntityData/]: defineId called for: class de.markusbordihn.easynpc.entity.EasyNPCBaseModelEntity from interface de.markusbordihn.easynpc.entity.easynpc.data.ModelRotationData
[27Nov2025 20:41:27.363] [main/WARN] [net.minecraft.network.syncher.SynchedEntityData/]: defineId called for: class de.markusbordihn.easynpc.entity.EasyNPCBaseModelEntity from interface de.markusbordihn.easynpc.entity.easynpc.data.ModelRotationData
[27Nov2025 20:41:27.363] [main/WARN] [net.minecraft.network.syncher.SynchedEntityData/]: defineId called for: class de.markusbordihn.easynpc.entity.EasyNPCBaseModelEntity from interface de.markusbordihn.easynpc.entity.easynpc.data.ModelRotationData
[27Nov2025 20:41:27.364] [main/WARN] [net.minecraft.network.syncher.SynchedEntityData/]: defineId called for: class de.markusbordihn.easynpc.entity.EasyNPCBaseModelEntity from interface de.markusbordihn.easynpc.entity.easynpc.data.ModelRotationData
[27Nov2025 20:41:27.364] [main/INFO] [Easy NPC/]: - Registering Synched Model Visibility Data for EasyNPCBaseModelEntity.
[27Nov2025 20:41:27.364] [main/WARN] [net.minecraft.network.syncher.SynchedEntityData/]: defineId called for: class de.markusbordihn.easynpc.entity.EasyNPCBaseModelEntity from interface de.markusbordihn.easynpc.entity.easynpc.data.ModelVisibilityData
[27Nov2025 20:41:27.364] [main/WARN] [net.minecraft.network.syncher.SynchedEntityData/]: defineId called for: class de.markusbordihn.easynpc.entity.EasyNPCBaseModelEntity from interface de.markusbordihn.easynpc.entity.easynpc.data.ModelVisibilityData
[27Nov2025 20:41:27.364] [main/WARN] [net.minecraft.network.syncher.SynchedEntityData/]: defineId called for: class de.markusbordihn.easynpc.entity.EasyNPCBaseModelEntity from interface de.markusbordihn.easynpc.entity.easynpc.data.ModelVisibilityData
[27Nov2025 20:41:27.364] [main/WARN] [net.minecraft.network.syncher.SynchedEntityData/]: defineId called for: class de.markusbordihn.easynpc.entity.EasyNPCBaseModelEntity from interface de.markusbordihn.easynpc.entity.easynpc.data.ModelVisibilityData
[27Nov2025 20:41:27.365] [main/WARN] [net.minecraft.network.syncher.SynchedEntityData/]: defineId called for: class de.markusbordihn.easynpc.entity.EasyNPCBaseModelEntity from interface de.markusbordihn.easynpc.entity.easynpc.data.ModelVisibilityData
[27Nov2025 20:41:27.365] [main/WARN] [net.minecraft.network.syncher.SynchedEntityData/]: defineId called for: class de.markusbordihn.easynpc.entity.EasyNPCBaseModelEntity from interface de.markusbordihn.easynpc.entity.easynpc.data.ModelVisibilityData
[27Nov2025 20:41:27.365] [main/WARN] [net.minecraft.network.syncher.SynchedEntityData/]: defineId called for: class de.markusbordihn.easynpc.entity.EasyNPCBaseModelEntity from interface de.markusbordihn.easynpc.entity.easynpc.data.ModelVisibilityData
[27Nov2025 20:41:27.365] [main/WARN] [net.minecraft.network.syncher.SynchedEntityData/]: defineId called for: class de.markusbordihn.easynpc.entity.EasyNPCBaseModelEntity from interface de.markusbordihn.easynpc.entity.easynpc.data.ModelVisibilityData
[27Nov2025 20:41:27.365] [main/WARN] [net.minecraft.network.syncher.SynchedEntityData/]: defineId called for: class de.markusbordihn.easynpc.entity.EasyNPCBaseModelEntity from interface de.markusbordihn.easynpc.entity.easynpc.data.ModelVisibilityData
[27Nov2025 20:41:27.366] [main/WARN] [net.minecraft.network.syncher.SynchedEntityData/]: defineId called for: class de.markusbordihn.easynpc.entity.EasyNPCBaseModelEntity from interface de.markusbordihn.easynpc.entity.easynpc.data.ModelVisibilityData
[27Nov2025 20:41:27.366] [main/WARN] [net.minecraft.network.syncher.SynchedEntityData/]: defineId called for: class de.markusbordihn.easynpc.entity.EasyNPCBaseModelEntity from interface de.markusbordihn.easynpc.entity.easynpc.data.ModelVisibilityData
[27Nov2025 20:41:27.366] [main/INFO] [Easy NPC/]: - Registering Synched Scale Data for EasyNPCBaseModelEntity.
[27Nov2025 20:41:27.366] [main/WARN] [net.minecraft.network.syncher.SynchedEntityData/]: defineId called for: class de.markusbordihn.easynpc.entity.EasyNPCBaseModelEntity from interface de.markusbordihn.easynpc.entity.easynpc.data.ScaleData
[27Nov2025 20:41:27.366] [main/WARN] [net.minecraft.network.syncher.SynchedEntityData/]: defineId called for: class de.markusbordihn.easynpc.entity.EasyNPCBaseModelEntity from interface de.markusbordihn.easynpc.entity.easynpc.data.ScaleData
[27Nov2025 20:41:27.367] [main/WARN] [net.minecraft.network.syncher.SynchedEntityData/]: defineId called for: class de.markusbordihn.easynpc.entity.EasyNPCBaseModelEntity from interface de.markusbordihn.easynpc.entity.easynpc.data.ScaleData
[27Nov2025 20:41:27.854] [modloading-worker-0/INFO] [com.iafenvoy.jupiter.Jupiter/]: 0 Jupiter entrypoint(s) detected: 
[27Nov2025 20:41:27.872] [modloading-worker-0/INFO] [terrablender/]: Registered region minecraft:overworld to index 0 for type OVERWORLD
[27Nov2025 20:41:27.873] [modloading-worker-0/INFO] [terrablender/]: Registered region minecraft:nether to index 0 for type NETHER
[27Nov2025 20:41:27.873] [modloading-worker-0/INFO] [terrablender/]: Registered region vanillabackport:overworld to index 1 for type OVERWORLD
[27Nov2025 20:41:27.914] [modloading-worker-0/INFO] [CorgiLib/]: Initializing network...
[27Nov2025 20:41:27.920] [modloading-worker-0/INFO] [CorgiLib/]: Initialized network!
[27Nov2025 20:41:27.921] [modloading-worker-0/INFO] [com.github.nyuppo.MoreMobVariants/]: Giving mobs a fresh coat of paint...
[27Nov2025 20:41:27.927] [modloading-worker-0/INFO] [dynamiclights/]: [Dynamic Lights] Loaded Dynamic Lights by Tschipcraft successfully!
[27Nov2025 20:41:27.934] [modloading-worker-0/INFO] [com.kubepixel.elcamas.ElCamasMod/]: El Camas Mod :: Common setup complete.
[27Nov2025 20:41:27.949] [Forge Version Check/INFO] [net.minecraftforge.fml.VersionChecker/]: [mr_dungeons_andtavernspillageroutpostrework] Starting version check at https://api.modrinth.com/updates/QIt10I7z/forge_updates.json
[27Nov2025 20:41:27.993] [Modding Legacy/conjurer_illager/Supporters thread/INFO] [ModdingLegacy/conjurer_illager/Supporter/]: Attempting to load the Modding Legacy supporters list from https://moddinglegacy.com/supporters-changelogs/supporters.txt
[27Nov2025 20:41:28.005] [modloading-worker-0/INFO] [STDOUT/]: [toni.lib.TxniLib:onInitialize:75]: TxniLib onInitialize!
[27Nov2025 20:41:28.240] [Modding Legacy/conjurer_illager/Supporters thread/INFO] [ModdingLegacy/conjurer_illager/Supporter/]: Successfully loaded the Modding Legacy supporters list.
[27Nov2025 20:41:28.242] [main/INFO] [terrablender/]: Registered region blastfromthepast:overworld to index 2 for type OVERWORLD
[27Nov2025 20:41:28.244] [main/INFO] [terrablender/]: Registered region biomesoplenty:overworld_primary to index 3 for type OVERWORLD
[27Nov2025 20:41:28.244] [main/INFO] [terrablender/]: Registered region biomesoplenty:overworld_secondary to index 4 for type OVERWORLD
[27Nov2025 20:41:28.244] [main/INFO] [terrablender/]: Registered region biomesoplenty:overworld_rare to index 5 for type OVERWORLD
[27Nov2025 20:41:28.244] [main/INFO] [terrablender/]: Registered region biomesoplenty:nether_common to index 1 for type NETHER
[27Nov2025 20:41:28.245] [main/INFO] [terrablender/]: Registered region biomesoplenty:nether_rare to index 2 for type NETHER
[27Nov2025 20:41:28.258] [main/INFO] [terrablender/]: Registered region mysticsbiomes:overworld_provider to index 6 for type OVERWORLD
[27Nov2025 20:41:28.298] [main/INFO] [Easy NPC/]: 🗣 Register Easy NPC Network Handler for net.minecraftforge.network.simple.SimpleChannel@64b1fd43 with version 23
[27Nov2025 20:41:28.299] [main/INFO] [Easy NPC/]: 🗣 Register Easy NPC Network Handler ...
[27Nov2025 20:41:28.299] [main/INFO] [Easy NPC/]: Registering network messages for BOTH side ...
[27Nov2025 20:41:28.301] [main/INFO] [Easy NPC/]: [NetworkHandler] Registering client network message ExportClientPresetMessage with easy_npc:preset_export_client (0)
[27Nov2025 20:41:28.302] [main/INFO] [Easy NPC/]: [NetworkHandler] Registering client network message OpenMenuCallbackMessage with easy_npc:open_menu_callback_message (1)
[27Nov2025 20:41:28.302] [main/INFO] [Easy NPC/]: [NetworkHandler] Registering client network message SyncDataMessage with easy_npc:sync_data (2)
[27Nov2025 20:41:28.303] [main/INFO] [Easy NPC/]: [NetworkHandler] Registering server network message AddOrUpdateObjectiveMessage with easy_npc:add_objective (3)
[27Nov2025 20:41:28.306] [main/INFO] [Easy NPC/]: [NetworkHandler] Registering server network message ChangeActionEventMessage with easy_npc:change_action_event (4)
[27Nov2025 20:41:28.309] [main/INFO] [Easy NPC/]: [NetworkHandler] Registering server network message ChangeAdvancedTradingMessage with easy_npc:change_advanced_trading (5)
[27Nov2025 20:41:28.310] [main/INFO] [Easy NPC/]: [NetworkHandler] Registering server network message ChangeBasicTradingMessage with easy_npc:change_basic_trading (6)
[27Nov2025 20:41:28.312] [Forge Version Check/INFO] [net.minecraftforge.fml.VersionChecker/]: [mr_dungeons_andtavernspillageroutpostrework] Found status: OUTDATED Current: 1.1 Target: 1.1+mod
[27Nov2025 20:41:28.312] [Forge Version Check/INFO] [net.minecraftforge.fml.VersionChecker/]: [easyanvils] Starting version check at https://raw.githubusercontent.com/Fuzss/modresources/main/update/easyanvils.json
[27Nov2025 20:41:28.313] [main/INFO] [Easy NPC/]: [NetworkHandler] Registering server network message ChangeCombatAttributeMessage with easy_npc:change_combat_attribute (7)
[27Nov2025 20:41:28.315] [main/INFO] [Easy NPC/]: [NetworkHandler] Registering server network message ChangeDisplayAttributeMessage with easy_npc:change_display_attribute (8)
[27Nov2025 20:41:28.316] [main/INFO] [Easy NPC/]: [NetworkHandler] Registering server network message ChangeEntityAttributeMessage with easy_npc:change_entity_attribute (9)
[27Nov2025 20:41:28.317] [main/INFO] [Easy NPC/]: [NetworkHandler] Registering server network message ChangeEntityBaseAttributeMessage with easy_npc:change_entity_base_attribute (10)
[27Nov2025 20:41:28.318] [main/INFO] [Easy NPC/]: [NetworkHandler] Registering server network message ChangeEnvironmentalAttributeMessage with easy_npc:change_environmental_attribute (11)
[27Nov2025 20:41:28.320] [main/INFO] [Easy NPC/]: [NetworkHandler] Registering server network message ChangeInteractionAttributeMessage with easy_npc:change_interaction_attribute (12)
[27Nov2025 20:41:28.321] [main/INFO] [Easy NPC/]: [NetworkHandler] Registering server network message ChangeModelEquipmentVisibilityMessage with easy_npc:change_model_equipment_visibility (13)
[27Nov2025 20:41:28.322] [main/INFO] [Easy NPC/]: [NetworkHandler] Registering server network message ChangeModelLockRotationMessage with easy_npc:change_model_lock_rotation (14)
[27Nov2025 20:41:28.323] [main/INFO] [Easy NPC/]: [NetworkHandler] Registering server network message ChangeModelPoseMessage with easy_npc:change_model_pose (15)
[27Nov2025 20:41:28.325] [main/INFO] [Easy NPC/]: [NetworkHandler] Registering server network message ChangeModelPositionMessage with easy_npc:change_model_position (16)
[27Nov2025 20:41:28.326] [main/INFO] [Easy NPC/]: [NetworkHandler] Registering server network message ChangeModelRotationMessage with easy_npc:change_model_rotation (17)
[27Nov2025 20:41:28.326] [main/INFO] [Easy NPC/]: [NetworkHandler] Registering server network message ChangeModelVisibilityMessage with easy_npc:change_model_visibility (18)
[27Nov2025 20:41:28.328] [main/INFO] [Easy NPC/]: [NetworkHandler] Registering server network message ChangeMovementAttributeMessage with easy_npc:change_movement_attribute (19)
[27Nov2025 20:41:28.329] [main/INFO] [Easy NPC/]: [NetworkHandler] Registering server network message ChangeNameMessage with easy_npc:change_name (20)
[27Nov2025 20:41:28.330] [main/INFO] [Easy NPC/]: [NetworkHandler] Registering server network message ChangePoseMessage with easy_npc:change_pose (21)
[27Nov2025 20:41:28.331] [main/INFO] [Easy NPC/]: [NetworkHandler] Registering server network message ChangePositionMessage with easy_npc:change_position (22)
[27Nov2025 20:41:28.332] [main/INFO] [Easy NPC/]: [NetworkHandler] Registering server network message ChangeProfessionMessage with easy_npc:change_profession (23)
[27Nov2025 20:41:28.333] [main/INFO] [Easy NPC/]: [NetworkHandler] Registering server network message ChangeRendererMessage with easy_npc:change_renderer (24)
[27Nov2025 20:41:28.335] [main/INFO] [Easy NPC/]: [NetworkHandler] Registering server network message ChangeScaleMessage with easy_npc:change_scale (25)
[27Nov2025 20:41:28.338] [main/INFO] [Easy NPC/]: [NetworkHandler] Registering server network message ChangeSkinMessage with easy_npc:change_skin (26)
[27Nov2025 20:41:28.339] [main/INFO] [Easy NPC/]: [NetworkHandler] Registering server network message ChangeSpawnerSettingMessage with easy_npc:change_spawner_settings (27)
[27Nov2025 20:41:28.340] [main/INFO] [Easy NPC/]: [NetworkHandler] Registering server network message ChangeTradingTypeMessage with easy_npc:change_trading_type (28)
[27Nov2025 20:41:28.341] [main/INFO] [Easy NPC/]: [NetworkHandler] Registering server network message ExecuteActionEventMessage with easy_npc:trigger_action_event (29)
[27Nov2025 20:41:28.342] [main/INFO] [Easy NPC/]: [NetworkHandler] Registering server network message ExecuteDialogButtonActionMessage with easy_npc:dialog_button_action (30)
[27Nov2025 20:41:28.343] [main/INFO] [Easy NPC/]: [NetworkHandler] Registering server network message ExportPresetMessage with easy_npc:export_preset (31)
[27Nov2025 20:41:28.344] [main/INFO] [Easy NPC/]: [NetworkHandler] Registering server network message ExportWorldPresetMessage with easy_npc:export_world_preset (32)
[27Nov2025 20:41:28.345] [main/INFO] [Easy NPC/]: [NetworkHandler] Registering server network message ImportPresetMessage with easy_npc:import_preset (33)
[27Nov2025 20:41:28.346] [main/INFO] [Easy NPC/]: [NetworkHandler] Registering server network message OpenActionDataEditorMessage with easy_npc:open_action_data_editor (34)
[27Nov2025 20:41:28.346] [main/INFO] [Easy NPC/]: [NetworkHandler] Registering server network message OpenActionDataEntryEditorMessage with easy_npc:open_action_data_entry_editor (35)
[27Nov2025 20:41:28.347] [main/INFO] [Easy NPC/]: [NetworkHandler] Registering server network message OpenConfigurationMessage with easy_npc:open_configuration_screen (36)
[27Nov2025 20:41:28.348] [main/INFO] [Easy NPC/]: [NetworkHandler] Registering server network message OpenDialogButtonEditorMessage with easy_npc:open_dialog_button_editor (37)
[27Nov2025 20:41:28.349] [main/INFO] [Easy NPC/]: [NetworkHandler] Registering server network message OpenDialogEditorMessage with easy_npc:open_dialog_editor (38)
[27Nov2025 20:41:28.350] [Forge Version Check/INFO] [net.minecraftforge.fml.VersionChecker/]: [easyanvils] Found status: UP_TO_DATE Current: 8.0.2 Target: null
[27Nov2025 20:41:28.351] [Forge Version Check/INFO] [net.minecraftforge.fml.VersionChecker/]: [majruszsdifficulty] Starting version check at https://raw.githubusercontent.com/Majrusz/MinecraftCommon/main/ProgressiveDifficulty/update.json
[27Nov2025 20:41:28.350] [main/INFO] [Easy NPC/]: [NetworkHandler] Registering server network message OpenMenuMessage with easy_npc:open_menu_message (39)
[27Nov2025 20:41:28.352] [main/INFO] [Easy NPC/]: [NetworkHandler] Registering server network message OpenDialogTextEditorMessage with easy_npc:open_dialog_text_editor (40)
[27Nov2025 20:41:28.353] [main/INFO] [Easy NPC/]: [NetworkHandler] Registering server network message RemoveDialogButtonMessage with easy_npc:remove_dialog_button (41)
[27Nov2025 20:41:28.353] [main/INFO] [Easy NPC/]: [NetworkHandler] Registering server network message RemoveDialogMessage with easy_npc:remove_dialog (42)
[27Nov2025 20:41:28.354] [main/INFO] [Easy NPC/]: [NetworkHandler] Registering server network message RemoveNPCMessage with easy_npc:remove_npc (43)
[27Nov2025 20:41:28.355] [main/INFO] [Easy NPC/]: [NetworkHandler] Registering server network message RemoveObjectiveMessage with easy_npc:remove_objective (44)
[27Nov2025 20:41:28.355] [main/INFO] [Easy NPC/]: [NetworkHandler] Registering server network message RequestDataSyncMessage with easy_npc:request_data_sync (45)
[27Nov2025 20:41:28.356] [main/INFO] [Easy NPC/]: [NetworkHandler] Registering server network message RespawnNPCMessage with easy_npc:respawn_npc (46)
[27Nov2025 20:41:28.357] [main/INFO] [Easy NPC/]: [NetworkHandler] Registering server network message SaveDialogButtonMessage with easy_npc:save_dialog_button (47)
[27Nov2025 20:41:28.358] [main/INFO] [Easy NPC/]: [NetworkHandler] Registering server network message SaveDialogMessage with easy_npc:save_dialog (48)
[27Nov2025 20:41:28.359] [main/INFO] [Easy NPC/]: [NetworkHandler] Registering server network message SaveDialogSetMessage with easy_npc:save_dialog_set (49)
[27Nov2025 20:41:28.361] [Forge Version Check/INFO] [net.minecraftforge.fml.VersionChecker/]: [majruszsdifficulty] Found status: UP_TO_DATE Current: 1.9.10 Target: null
[27Nov2025 20:41:28.361] [Forge Version Check/INFO] [net.minecraftforge.fml.VersionChecker/]: [hourglass] Starting version check at https://raw.githubusercontent.com/DuckyCrayfish/hourglass/main/res/versions.json
[27Nov2025 20:41:28.370] [main/INFO] [adorablehamsterpets/]: [BiomeConfig] Parsed 7 tags, 212 included biomes, and 1 excluded biomes.
[27Nov2025 20:41:28.372] [main/INFO] [adorablehamsterpets/]: [FeatureConfig] Parsed feature generation settings from config.
[27Nov2025 20:41:28.374] [main/INFO] [dev.architectury.networking.forge.NetworkManagerImpl/]: Registering C2S receiver with id adorablehamsterpets:throw_hamster
[27Nov2025 20:41:28.374] [main/INFO] [dev.architectury.networking.forge.NetworkManagerImpl/]: Registering C2S receiver with id adorablehamsterpets:update_hamster_render_state
[27Nov2025 20:41:28.378] [Forge Version Check/INFO] [net.minecraftforge.fml.VersionChecker/]: [hourglass] Found status: UP_TO_DATE Current: 1.2.1.1 Target: null
[27Nov2025 20:41:28.378] [Forge Version Check/INFO] [net.minecraftforge.fml.VersionChecker/]: [mr_dungeons_andtavernsancientcityoverhaul] Starting version check at https://api.modrinth.com/updates/DNuNq5bb/forge_updates.json
[27Nov2025 20:41:28.455] [main/INFO] [Moonlight/]: Initialized color sets in 37ms
[27Nov2025 20:41:28.456] [main/ERROR] [Moonlight/]: Fabric API detected! This is not a Fabric mod, so please dont report related issues to MoonlightLib or its dependant. This can usually happen with connector or when having a mod that does NOT have a proper Forge native implementation. This can easily lead to poor compatibility and issues. Proceed ar your own risk. 
 Mods that bundled Fabric API: [net.minecraftforge.fml.loading.moddiscovery.ModInfo@420a8042]
[27Nov2025 20:41:28.493] [Thread-0/INFO] [ModernFix/]: Please use /mfsrc to reload any changed mod config files
[27Nov2025 20:41:28.573] [Forge Version Check/INFO] [net.minecraftforge.fml.VersionChecker/]: [mr_dungeons_andtavernsancientcityoverhaul] Found status: OUTDATED Current: 1 Target: 1+mod
[27Nov2025 20:41:28.573] [Forge Version Check/INFO] [net.minecraftforge.fml.VersionChecker/]: [sound_physics_remastered] Starting version check at https://update.maxhenkel.de/forge/sound_physics_remastered
[27Nov2025 20:41:28.893] [modloading-worker-0/INFO] [Jade/]: Start loading plugin at net.blay09.mods.balm.forge.compat.hudinfo.ForgeJadeModCompat
[27Nov2025 20:41:28.900] [modloading-worker-0/INFO] [Jade/]: Start loading plugin at net.dawson.adorablehamsterpets.integration.jade.AHPJadePlugin
[27Nov2025 20:41:28.900] [modloading-worker-0/INFO] [Jade/]: Start loading plugin at net.blay09.mods.waystones.compat.JadeIntegration
[27Nov2025 20:41:28.901] [modloading-worker-0/INFO] [Jade/]: Start loading plugin at snownee.jade.addon.vanilla.VanillaPlugin
[27Nov2025 20:41:28.912] [modloading-worker-0/INFO] [Jade/]: Start loading plugin at snownee.jade.addon.universal.UniversalPlugin
[27Nov2025 20:41:28.916] [modloading-worker-0/INFO] [Jade/]: Start loading plugin at snownee.jade.addon.core.CorePlugin
[27Nov2025 20:41:29.028] [Forge Version Check/INFO] [net.minecraftforge.fml.VersionChecker/]: [sound_physics_remastered] Found status: AHEAD Current: 1.20.1-1.5.1 Target: null
[27Nov2025 20:41:29.029] [Forge Version Check/INFO] [net.minecraftforge.fml.VersionChecker/]: [leavesbegone] Starting version check at https://raw.githubusercontent.com/Fuzss/modresources/main/update/leavesbegone.json
[27Nov2025 20:41:29.039] [Forge Version Check/INFO] [net.minecraftforge.fml.VersionChecker/]: [leavesbegone] Found status: UP_TO_DATE Current: 8.0.0 Target: null
[27Nov2025 20:41:29.039] [Forge Version Check/INFO] [net.minecraftforge.fml.VersionChecker/]: [structure_gel] Starting version check at http://changelogs.moddinglegacy.com/structure-gel.json
[27Nov2025 20:41:29.162] [Forge Version Check/INFO] [net.minecraftforge.fml.VersionChecker/]: [structure_gel] Found status: BETA Current: 2.16.2 Target: null
[27Nov2025 20:41:29.162] [Forge Version Check/INFO] [net.minecraftforge.fml.VersionChecker/]: [gml] Starting version check at https://maven.moddinginquisition.org/releases/org/groovymc/gml/gml/forge-promotions.json
[27Nov2025 20:41:29.208] [main/ERROR] [net.minecraft.Util/]: Entity illageandspillage:bone has no attributes
[27Nov2025 20:41:29.208] [main/ERROR] [net.minecraft.Util/]: Entity illageandspillage:axe has no attributes
[27Nov2025 20:41:29.209] [main/ERROR] [net.minecraft.Util/]: Entity illageandspillage:bone has no attributes
[27Nov2025 20:41:29.209] [main/ERROR] [net.minecraft.Util/]: Entity illageandspillage:axe has no attributes
[27Nov2025 20:41:29.209] [main/ERROR] [net.minecraft.Util/]: Entity illageandspillage:bone has no attributes
[27Nov2025 20:41:29.209] [main/ERROR] [net.minecraft.Util/]: Entity illageandspillage:axe has no attributes
[27Nov2025 20:41:29.210] [main/ERROR] [net.minecraft.Util/]: Entity illageandspillage:bone has no attributes
[27Nov2025 20:41:29.210] [main/ERROR] [net.minecraft.Util/]: Entity illageandspillage:axe has no attributes
[27Nov2025 20:41:29.210] [main/ERROR] [net.minecraft.Util/]: Entity illageandspillage:bone has no attributes
[27Nov2025 20:41:29.210] [main/ERROR] [net.minecraft.Util/]: Entity illageandspillage:axe has no attributes
[27Nov2025 20:41:29.211] [main/ERROR] [net.minecraft.Util/]: Entity illageandspillage:bone has no attributes
[27Nov2025 20:41:29.211] [main/ERROR] [net.minecraft.Util/]: Entity illageandspillage:axe has no attributes
[27Nov2025 20:41:29.211] [main/ERROR] [net.minecraft.Util/]: Entity illageandspillage:bone has no attributes
[27Nov2025 20:41:29.211] [main/ERROR] [net.minecraft.Util/]: Entity illageandspillage:axe has no attributes
[27Nov2025 20:41:29.211] [main/ERROR] [net.minecraft.Util/]: Entity illageandspillage:bone has no attributes
[27Nov2025 20:41:29.212] [main/ERROR] [net.minecraft.Util/]: Entity illageandspillage:axe has no attributes
[27Nov2025 20:41:29.212] [main/ERROR] [net.minecraft.Util/]: Entity illageandspillage:bone has no attributes
[27Nov2025 20:41:29.212] [main/ERROR] [net.minecraft.Util/]: Entity illageandspillage:axe has no attributes
[27Nov2025 20:41:29.212] [main/ERROR] [net.minecraft.Util/]: Entity illageandspillage:bone has no attributes
[27Nov2025 20:41:29.212] [main/ERROR] [net.minecraft.Util/]: Entity illageandspillage:axe has no attributes
[27Nov2025 20:41:29.213] [main/ERROR] [net.minecraft.Util/]: Entity illageandspillage:bone has no attributes
[27Nov2025 20:41:29.213] [main/ERROR] [net.minecraft.Util/]: Entity illageandspillage:axe has no attributes
[27Nov2025 20:41:29.213] [main/ERROR] [net.minecraft.Util/]: Entity illageandspillage:bone has no attributes
[27Nov2025 20:41:29.213] [main/ERROR] [net.minecraft.Util/]: Entity illageandspillage:axe has no attributes
[27Nov2025 20:41:29.213] [main/ERROR] [net.minecraft.Util/]: Entity illageandspillage:bone has no attributes
[27Nov2025 20:41:29.213] [main/ERROR] [net.minecraft.Util/]: Entity illageandspillage:axe has no attributes
[27Nov2025 20:41:29.214] [main/ERROR] [net.minecraft.Util/]: Entity illageandspillage:bone has no attributes
[27Nov2025 20:41:29.214] [main/ERROR] [net.minecraft.Util/]: Entity illageandspillage:axe has no attributes
[27Nov2025 20:41:29.214] [main/ERROR] [net.minecraft.Util/]: Entity illageandspillage:bone has no attributes
[27Nov2025 20:41:29.214] [main/ERROR] [net.minecraft.Util/]: Entity illageandspillage:axe has no attributes
[27Nov2025 20:41:29.214] [main/ERROR] [net.minecraft.Util/]: Entity illageandspillage:bone has no attributes
[27Nov2025 20:41:29.214] [main/ERROR] [net.minecraft.Util/]: Entity illageandspillage:axe has no attributes
[27Nov2025 20:41:29.215] [main/ERROR] [net.minecraft.Util/]: Entity illageandspillage:bone has no attributes
[27Nov2025 20:41:29.215] [main/ERROR] [net.minecraft.Util/]: Entity illageandspillage:axe has no attributes
[27Nov2025 20:41:29.215] [main/ERROR] [net.minecraft.Util/]: Entity illageandspillage:bone has no attributes
[27Nov2025 20:41:29.215] [main/ERROR] [net.minecraft.Util/]: Entity illageandspillage:axe has no attributes
[27Nov2025 20:41:29.215] [main/ERROR] [net.minecraft.Util/]: Entity illageandspillage:bone has no attributes
[27Nov2025 20:41:29.215] [main/ERROR] [net.minecraft.Util/]: Entity illageandspillage:axe has no attributes
[27Nov2025 20:41:29.216] [main/ERROR] [net.minecraft.Util/]: Entity illageandspillage:bone has no attributes
[27Nov2025 20:41:29.216] [main/ERROR] [net.minecraft.Util/]: Entity illageandspillage:axe has no attributes
[27Nov2025 20:41:29.216] [main/ERROR] [net.minecraft.Util/]: Entity illageandspillage:bone has no attributes
[27Nov2025 20:41:29.216] [main/ERROR] [net.minecraft.Util/]: Entity illageandspillage:axe has no attributes
[27Nov2025 20:41:29.216] [main/ERROR] [net.minecraft.Util/]: Entity illageandspillage:bone has no attributes
[27Nov2025 20:41:29.216] [main/ERROR] [net.minecraft.Util/]: Entity illageandspillage:axe has no attributes
[27Nov2025 20:41:29.216] [main/ERROR] [net.minecraft.Util/]: Entity illageandspillage:bone has no attributes
[27Nov2025 20:41:29.217] [main/ERROR] [net.minecraft.Util/]: Entity illageandspillage:axe has no attributes
[27Nov2025 20:41:29.217] [main/ERROR] [net.minecraft.Util/]: Entity illageandspillage:bone has no attributes
[27Nov2025 20:41:29.217] [main/ERROR] [net.minecraft.Util/]: Entity illageandspillage:axe has no attributes
[27Nov2025 20:41:29.217] [main/ERROR] [net.minecraft.Util/]: Entity illageandspillage:bone has no attributes
[27Nov2025 20:41:29.217] [main/ERROR] [net.minecraft.Util/]: Entity illageandspillage:axe has no attributes
[27Nov2025 20:41:29.217] [main/ERROR] [net.minecraft.Util/]: Entity illageandspillage:bone has no attributes
[27Nov2025 20:41:29.217] [main/ERROR] [net.minecraft.Util/]: Entity illageandspillage:axe has no attributes
[27Nov2025 20:41:29.218] [main/ERROR] [net.minecraft.Util/]: Entity illageandspillage:bone has no attributes
[27Nov2025 20:41:29.218] [main/ERROR] [net.minecraft.Util/]: Entity illageandspillage:axe has no attributes
[27Nov2025 20:41:29.218] [main/ERROR] [net.minecraft.Util/]: Entity illageandspillage:bone has no attributes
[27Nov2025 20:41:29.218] [main/ERROR] [net.minecraft.Util/]: Entity illageandspillage:axe has no attributes
[27Nov2025 20:41:29.218] [main/ERROR] [net.minecraft.Util/]: Entity illageandspillage:bone has no attributes
[27Nov2025 20:41:29.218] [main/ERROR] [net.minecraft.Util/]: Entity illageandspillage:axe has no attributes
[27Nov2025 20:41:29.219] [main/ERROR] [net.minecraft.Util/]: Entity illageandspillage:bone has no attributes
[27Nov2025 20:41:29.219] [main/ERROR] [net.minecraft.Util/]: Entity illageandspillage:axe has no attributes
[27Nov2025 20:41:29.219] [main/ERROR] [net.minecraft.Util/]: Entity illageandspillage:bone has no attributes
[27Nov2025 20:41:29.219] [main/ERROR] [net.minecraft.Util/]: Entity illageandspillage:axe has no attributes
[27Nov2025 20:41:29.219] [main/ERROR] [net.minecraft.Util/]: Entity illageandspillage:bone has no attributes
[27Nov2025 20:41:29.219] [main/ERROR] [net.minecraft.Util/]: Entity illageandspillage:axe has no attributes
[27Nov2025 20:41:29.220] [main/ERROR] [net.minecraft.Util/]: Entity illageandspillage:bone has no attributes
[27Nov2025 20:41:29.220] [main/ERROR] [net.minecraft.Util/]: Entity illageandspillage:axe has no attributes
[27Nov2025 20:41:29.220] [main/ERROR] [net.minecraft.Util/]: Entity illageandspillage:bone has no attributes
[27Nov2025 20:41:29.220] [main/ERROR] [net.minecraft.Util/]: Entity illageandspillage:axe has no attributes
[27Nov2025 20:41:29.220] [main/ERROR] [net.minecraft.Util/]: Entity illageandspillage:bone has no attributes
[27Nov2025 20:41:29.220] [main/ERROR] [net.minecraft.Util/]: Entity illageandspillage:axe has no attributes
[27Nov2025 20:41:29.220] [main/ERROR] [net.minecraft.Util/]: Entity illageandspillage:bone has no attributes
[27Nov2025 20:41:29.221] [main/ERROR] [net.minecraft.Util/]: Entity illageandspillage:axe has no attributes
[27Nov2025 20:41:29.221] [main/ERROR] [net.minecraft.Util/]: Entity illageandspillage:bone has no attributes
[27Nov2025 20:41:29.221] [main/ERROR] [net.minecraft.Util/]: Entity illageandspillage:axe has no attributes
[27Nov2025 20:41:29.221] [main/ERROR] [net.minecraft.Util/]: Entity illageandspillage:bone has no attributes
[27Nov2025 20:41:29.221] [main/ERROR] [net.minecraft.Util/]: Entity illageandspillage:axe has no attributes
[27Nov2025 20:41:29.221] [main/ERROR] [net.minecraft.Util/]: Entity illageandspillage:bone has no attributes
[27Nov2025 20:41:29.222] [main/ERROR] [net.minecraft.Util/]: Entity illageandspillage:axe has no attributes
[27Nov2025 20:41:29.222] [main/ERROR] [net.minecraft.Util/]: Entity illageandspillage:bone has no attributes
[27Nov2025 20:41:29.222] [main/ERROR] [net.minecraft.Util/]: Entity illageandspillage:axe has no attributes
[27Nov2025 20:41:29.222] [main/ERROR] [net.minecraft.Util/]: Entity illageandspillage:bone has no attributes
[27Nov2025 20:41:29.222] [main/ERROR] [net.minecraft.Util/]: Entity illageandspillage:axe has no attributes
[27Nov2025 20:41:29.223] [main/ERROR] [net.minecraft.Util/]: Entity illageandspillage:bone has no attributes
[27Nov2025 20:41:29.223] [main/ERROR] [net.minecraft.Util/]: Entity illageandspillage:axe has no attributes
[27Nov2025 20:41:29.439] [Forge Version Check/INFO] [net.minecraftforge.fml.VersionChecker/]: [gml] Found status: BETA Current: 4.0.11 Target: null
[27Nov2025 20:41:29.439] [Forge Version Check/INFO] [net.minecraftforge.fml.VersionChecker/]: [mr_dungeons_andtavernsstrongholdrework] Starting version check at https://api.modrinth.com/updates/rYocd2LE/forge_updates.json
[27Nov2025 20:41:29.525] [Forge Version Check/INFO] [net.minecraftforge.fml.VersionChecker/]: [mr_dungeons_andtavernsstrongholdrework] Found status: OUTDATED Current: 1 Target: 1+mod
[27Nov2025 20:41:29.525] [Forge Version Check/INFO] [net.minecraftforge.fml.VersionChecker/]: [mr_limesplatus_ending] Starting version check at https://api.modrinth.com/updates/MCnBYP0b/forge_updates.json
[27Nov2025 20:41:29.605] [Forge Version Check/INFO] [net.minecraftforge.fml.VersionChecker/]: [mr_limesplatus_ending] Found status: OUTDATED Current: 1-v1.1.0c Target: 1.1.0c+mod
[27Nov2025 20:41:29.605] [Forge Version Check/INFO] [net.minecraftforge.fml.VersionChecker/]: [majruszlibrary] Starting version check at https://raw.githubusercontent.com/Majrusz/MinecraftCommon/main/Library/update.json
[27Nov2025 20:41:29.614] [Forge Version Check/INFO] [net.minecraftforge.fml.VersionChecker/]: [majruszlibrary] Found status: AHEAD Current: 7.0.8 Target: null
[27Nov2025 20:41:29.614] [Forge Version Check/INFO] [net.minecraftforge.fml.VersionChecker/]: [mr_blooming_biosphere] Starting version check at https://api.modrinth.com/updates/Ds9FyUc7/forge_updates.json
[27Nov2025 20:41:29.671] [Forge Version Check/INFO] [net.minecraftforge.fml.VersionChecker/]: [mr_blooming_biosphere] Found status: OUTDATED Current: 1.1.0 Target: 1.1.0+mod
[27Nov2025 20:41:29.671] [Forge Version Check/INFO] [net.minecraftforge.fml.VersionChecker/]: [radium] Starting version check at https://api.modrinth.com/updates/radium/forge_updates.json
[27Nov2025 20:41:29.699] [main/INFO] [com.mojang.authlib.yggdrasil.YggdrasilAuthenticationService/]: Environment: authHost='https://authserver.mojang.com', accountsHost='https://api.mojang.com', sessionHost='https://sessionserver.mojang.com', servicesHost='https://api.minecraftservices.com', name='PROD'
[27Nov2025 20:41:29.728] [Forge Version Check/INFO] [net.minecraftforge.fml.VersionChecker/]: [radium] Found status: AHEAD Current: 0.12.4+git.26c9d8e Target: null
[27Nov2025 20:41:29.728] [Forge Version Check/INFO] [net.minecraftforge.fml.VersionChecker/]: [puzzlesaccessapi] Starting version check at https://raw.githubusercontent.com/Fuzss/modresources/main/update/puzzlesaccessapi.json
[27Nov2025 20:41:29.738] [Forge Version Check/INFO] [net.minecraftforge.fml.VersionChecker/]: [puzzlesaccessapi] Found status: BETA Current: 20.1.1 Target: null
[27Nov2025 20:41:29.738] [Forge Version Check/INFO] [net.minecraftforge.fml.VersionChecker/]: [forge] Starting version check at https://files.minecraftforge.net/net/minecraftforge/forge/promotions_slim.json
[27Nov2025 20:41:29.875] [Forge Version Check/INFO] [net.minecraftforge.fml.VersionChecker/]: [forge] Found status: OUTDATED Current: 47.4.0 Target: 47.4.10
[27Nov2025 20:41:29.876] [Forge Version Check/INFO] [net.minecraftforge.fml.VersionChecker/]: [backpacked] Starting version check at https://mrcrayfish.com/modupdatejson?id=backpacked
[27Nov2025 20:41:29.938] [main/ERROR] [net.minecraft.Util/]: Entity illageandspillage:bone has no attributes
[27Nov2025 20:41:29.938] [main/ERROR] [net.minecraft.Util/]: Entity illageandspillage:axe has no attributes
[27Nov2025 20:41:29.938] [main/ERROR] [net.minecraft.Util/]: Entity illageandspillage:bone has no attributes
[27Nov2025 20:41:29.938] [main/ERROR] [net.minecraft.Util/]: Entity illageandspillage:axe has no attributes
[27Nov2025 20:41:29.939] [main/ERROR] [net.minecraft.Util/]: Entity illageandspillage:bone has no attributes
[27Nov2025 20:41:29.939] [main/ERROR] [net.minecraft.Util/]: Entity illageandspillage:axe has no attributes
[27Nov2025 20:41:29.939] [main/ERROR] [net.minecraft.Util/]: Entity illageandspillage:bone has no attributes
[27Nov2025 20:41:29.939] [main/ERROR] [net.minecraft.Util/]: Entity illageandspillage:axe has no attributes
[27Nov2025 20:41:29.939] [main/ERROR] [net.minecraft.Util/]: Entity illageandspillage:bone has no attributes
[27Nov2025 20:41:29.939] [main/ERROR] [net.minecraft.Util/]: Entity illageandspillage:axe has no attributes
[27Nov2025 20:41:29.939] [main/ERROR] [net.minecraft.Util/]: Entity illageandspillage:bone has no attributes
[27Nov2025 20:41:29.940] [main/ERROR] [net.minecraft.Util/]: Entity illageandspillage:axe has no attributes
[27Nov2025 20:41:29.940] [main/ERROR] [net.minecraft.Util/]: Entity illageandspillage:bone has no attributes
[27Nov2025 20:41:29.940] [main/ERROR] [net.minecraft.Util/]: Entity illageandspillage:axe has no attributes
[27Nov2025 20:41:29.940] [main/ERROR] [net.minecraft.Util/]: Entity illageandspillage:bone has no attributes
[27Nov2025 20:41:29.940] [main/ERROR] [net.minecraft.Util/]: Entity illageandspillage:axe has no attributes
[27Nov2025 20:41:29.940] [main/ERROR] [net.minecraft.Util/]: Entity illageandspillage:bone has no attributes
[27Nov2025 20:41:29.940] [main/ERROR] [net.minecraft.Util/]: Entity illageandspillage:axe has no attributes
[27Nov2025 20:41:29.940] [main/ERROR] [net.minecraft.Util/]: Entity illageandspillage:bone has no attributes
[27Nov2025 20:41:29.940] [main/ERROR] [net.minecraft.Util/]: Entity illageandspillage:axe has no attributes
[27Nov2025 20:41:29.941] [main/ERROR] [net.minecraft.Util/]: Entity illageandspillage:bone has no attributes
[27Nov2025 20:41:29.941] [main/ERROR] [net.minecraft.Util/]: Entity illageandspillage:axe has no attributes
[27Nov2025 20:41:29.941] [main/ERROR] [net.minecraft.Util/]: Entity illageandspillage:bone has no attributes
[27Nov2025 20:41:29.941] [main/ERROR] [net.minecraft.Util/]: Entity illageandspillage:axe has no attributes
[27Nov2025 20:41:29.941] [main/ERROR] [net.minecraft.Util/]: Entity illageandspillage:bone has no attributes
[27Nov2025 20:41:29.941] [main/ERROR] [net.minecraft.Util/]: Entity illageandspillage:axe has no attributes
[27Nov2025 20:41:29.941] [main/ERROR] [net.minecraft.Util/]: Entity illageandspillage:bone has no attributes
[27Nov2025 20:41:29.941] [main/ERROR] [net.minecraft.Util/]: Entity illageandspillage:axe has no attributes
[27Nov2025 20:41:29.942] [main/ERROR] [net.minecraft.Util/]: Entity illageandspillage:bone has no attributes
[27Nov2025 20:41:29.942] [main/ERROR] [net.minecraft.Util/]: Entity illageandspillage:axe has no attributes
[27Nov2025 20:41:29.942] [main/ERROR] [net.minecraft.Util/]: Entity illageandspillage:bone has no attributes
[27Nov2025 20:41:29.942] [main/ERROR] [net.minecraft.Util/]: Entity illageandspillage:axe has no attributes
[27Nov2025 20:41:29.942] [main/ERROR] [net.minecraft.Util/]: Entity illageandspillage:bone has no attributes
[27Nov2025 20:41:29.942] [main/ERROR] [net.minecraft.Util/]: Entity illageandspillage:axe has no attributes
[27Nov2025 20:41:29.942] [main/ERROR] [net.minecraft.Util/]: Entity illageandspillage:bone has no attributes
[27Nov2025 20:41:29.942] [main/ERROR] [net.minecraft.Util/]: Entity illageandspillage:axe has no attributes
[27Nov2025 20:41:29.942] [main/ERROR] [net.minecraft.Util/]: Entity illageandspillage:bone has no attributes
[27Nov2025 20:41:29.943] [main/ERROR] [net.minecraft.Util/]: Entity illageandspillage:axe has no attributes
[27Nov2025 20:41:29.943] [main/ERROR] [net.minecraft.Util/]: Entity illageandspillage:bone has no attributes
[27Nov2025 20:41:29.943] [main/ERROR] [net.minecraft.Util/]: Entity illageandspillage:axe has no attributes
[27Nov2025 20:41:29.943] [main/ERROR] [net.minecraft.Util/]: Entity illageandspillage:bone has no attributes
[27Nov2025 20:41:29.943] [main/ERROR] [net.minecraft.Util/]: Entity illageandspillage:axe has no attributes
[27Nov2025 20:41:29.943] [main/ERROR] [net.minecraft.Util/]: Entity illageandspillage:bone has no attributes
[27Nov2025 20:41:29.943] [main/ERROR] [net.minecraft.Util/]: Entity illageandspillage:axe has no attributes
[27Nov2025 20:41:29.944] [main/ERROR] [net.minecraft.Util/]: Entity illageandspillage:bone has no attributes
[27Nov2025 20:41:29.944] [main/ERROR] [net.minecraft.Util/]: Entity illageandspillage:axe has no attributes
[27Nov2025 20:41:29.944] [main/ERROR] [net.minecraft.Util/]: Entity illageandspillage:bone has no attributes
[27Nov2025 20:41:29.944] [main/ERROR] [net.minecraft.Util/]: Entity illageandspillage:axe has no attributes
[27Nov2025 20:41:29.944] [main/ERROR] [net.minecraft.Util/]: Entity illageandspillage:bone has no attributes
[27Nov2025 20:41:29.944] [main/ERROR] [net.minecraft.Util/]: Entity illageandspillage:axe has no attributes
[27Nov2025 20:41:29.944] [main/ERROR] [net.minecraft.Util/]: Entity illageandspillage:bone has no attributes
[27Nov2025 20:41:29.945] [main/ERROR] [net.minecraft.Util/]: Entity illageandspillage:axe has no attributes
[27Nov2025 20:41:29.945] [main/ERROR] [net.minecraft.Util/]: Entity illageandspillage:bone has no attributes
[27Nov2025 20:41:29.945] [main/ERROR] [net.minecraft.Util/]: Entity illageandspillage:axe has no attributes
[27Nov2025 20:41:29.945] [main/ERROR] [net.minecraft.Util/]: Entity illageandspillage:bone has no attributes
[27Nov2025 20:41:29.945] [main/ERROR] [net.minecraft.Util/]: Entity illageandspillage:axe has no attributes
[27Nov2025 20:41:29.945] [main/ERROR] [net.minecraft.Util/]: Entity illageandspillage:bone has no attributes
[27Nov2025 20:41:29.945] [main/ERROR] [net.minecraft.Util/]: Entity illageandspillage:axe has no attributes
[27Nov2025 20:41:29.945] [main/ERROR] [net.minecraft.Util/]: Entity illageandspillage:bone has no attributes
[27Nov2025 20:41:29.946] [main/ERROR] [net.minecraft.Util/]: Entity illageandspillage:axe has no attributes
[27Nov2025 20:41:29.947] [main/ERROR] [net.minecraft.Util/]: Entity illageandspillage:bone has no attributes
[27Nov2025 20:41:29.947] [main/ERROR] [net.minecraft.Util/]: Entity illageandspillage:axe has no attributes
[27Nov2025 20:41:29.947] [main/ERROR] [net.minecraft.Util/]: Entity illageandspillage:bone has no attributes
[27Nov2025 20:41:29.948] [main/ERROR] [net.minecraft.Util/]: Entity illageandspillage:axe has no attributes
[27Nov2025 20:41:29.948] [main/ERROR] [net.minecraft.Util/]: Entity illageandspillage:bone has no attributes
[27Nov2025 20:41:29.948] [main/ERROR] [net.minecraft.Util/]: Entity illageandspillage:axe has no attributes
[27Nov2025 20:41:29.949] [main/ERROR] [net.minecraft.Util/]: Entity illageandspillage:bone has no attributes
[27Nov2025 20:41:29.949] [main/ERROR] [net.minecraft.Util/]: Entity illageandspillage:axe has no attributes
[27Nov2025 20:41:29.949] [main/ERROR] [net.minecraft.Util/]: Entity illageandspillage:bone has no attributes
[27Nov2025 20:41:29.950] [main/ERROR] [net.minecraft.Util/]: Entity illageandspillage:axe has no attributes
[27Nov2025 20:41:29.950] [main/ERROR] [net.minecraft.Util/]: Entity illageandspillage:bone has no attributes
[27Nov2025 20:41:29.950] [main/ERROR] [net.minecraft.Util/]: Entity illageandspillage:axe has no attributes
[27Nov2025 20:41:29.951] [main/ERROR] [net.minecraft.Util/]: Entity illageandspillage:bone has no attributes
[27Nov2025 20:41:29.951] [main/ERROR] [net.minecraft.Util/]: Entity illageandspillage:axe has no attributes
[27Nov2025 20:41:29.951] [main/ERROR] [net.minecraft.Util/]: Entity illageandspillage:bone has no attributes
[27Nov2025 20:41:29.951] [main/ERROR] [net.minecraft.Util/]: Entity illageandspillage:axe has no attributes
[27Nov2025 20:41:29.951] [main/ERROR] [net.minecraft.Util/]: Entity illageandspillage:bone has no attributes
[27Nov2025 20:41:29.951] [main/ERROR] [net.minecraft.Util/]: Entity illageandspillage:axe has no attributes
[27Nov2025 20:41:29.951] [main/ERROR] [net.minecraft.Util/]: Entity illageandspillage:bone has no attributes
[27Nov2025 20:41:29.951] [main/ERROR] [net.minecraft.Util/]: Entity illageandspillage:axe has no attributes
[27Nov2025 20:41:29.952] [main/ERROR] [net.minecraft.Util/]: Entity illageandspillage:bone has no attributes
[27Nov2025 20:41:29.952] [main/ERROR] [net.minecraft.Util/]: Entity illageandspillage:axe has no attributes
[27Nov2025 20:41:29.952] [main/ERROR] [net.minecraft.Util/]: Entity illageandspillage:bone has no attributes
[27Nov2025 20:41:29.952] [main/ERROR] [net.minecraft.Util/]: Entity illageandspillage:axe has no attributes
[27Nov2025 20:41:30.015] [Forge Version Check/WARN] [net.minecraftforge.fml.VersionChecker/]: Failed to process update information
com.google.gson.JsonSyntaxException: java.lang.IllegalStateException: Expected BEGIN_OBJECT but was STRING at line 1 column 1 path $
	at com.google.gson.Gson.fromJson(Gson.java:1226) ~[gson-2.10.jar%2372!/:?]
	at com.google.gson.Gson.fromJson(Gson.java:1124) ~[gson-2.10.jar%2372!/:?]
	at com.google.gson.Gson.fromJson(Gson.java:1034) ~[gson-2.10.jar%2372!/:?]
	at com.google.gson.Gson.fromJson(Gson.java:969) ~[gson-2.10.jar%2372!/:?]
	at net.minecraftforge.fml.VersionChecker$1.process(VersionChecker.java:186) ~[fmlcore-1.20.1-47.4.0.jar%23438!/:?]
	at java.lang.Iterable.forEach(Iterable.java:75) ~[?:?]
	at net.minecraftforge.fml.VersionChecker$1.run(VersionChecker.java:117) ~[fmlcore-1.20.1-47.4.0.jar%23438!/:?]
Caused by: java.lang.IllegalStateException: Expected BEGIN_OBJECT but was STRING at line 1 column 1 path $
	at com.google.gson.stream.JsonReader.beginObject(JsonReader.java:393) ~[gson-2.10.jar%2372!/:?]
	at com.google.gson.internal.bind.MapTypeAdapterFactory$Adapter.read(MapTypeAdapterFactory.java:182) ~[gson-2.10.jar%2372!/:?]
	at com.google.gson.internal.bind.MapTypeAdapterFactory$Adapter.read(MapTypeAdapterFactory.java:144) ~[gson-2.10.jar%2372!/:?]
	at com.google.gson.Gson.fromJson(Gson.java:1214) ~[gson-2.10.jar%2372!/:?]
	... 6 more
[27Nov2025 20:41:30.016] [Forge Version Check/INFO] [net.minecraftforge.fml.VersionChecker/]: [puzzleslib] Starting version check at https://raw.githubusercontent.com/Fuzss/modresources/main/update/puzzleslib.json
[27Nov2025 20:41:30.026] [Forge Version Check/INFO] [net.minecraftforge.fml.VersionChecker/]: [puzzleslib] Found status: UP_TO_DATE Current: 8.1.33 Target: null
[27Nov2025 20:41:30.027] [Forge Version Check/INFO] [net.minecraftforge.fml.VersionChecker/]: [aquamirae] Starting version check at https://raw.githubusercontent.com/ObscuriaLithium/Minecraft/main/aquamirae/versions.json
[27Nov2025 20:41:30.038] [Forge Version Check/INFO] [net.minecraftforge.fml.VersionChecker/]: [aquamirae] Found status: AHEAD Current: 6.1.2 Target: null
[27Nov2025 20:41:30.038] [Forge Version Check/INFO] [net.minecraftforge.fml.VersionChecker/]: [dynamiclights] Starting version check at https://api.modrinth.com/updates/7YjclEGc/forge_updates.json?forge=only
[27Nov2025 20:41:30.079] [main/ERROR] [net.minecraft.Util/]: Entity illageandspillage:bone has no attributes
[27Nov2025 20:41:30.079] [main/ERROR] [net.minecraft.Util/]: Entity illageandspillage:axe has no attributes
[27Nov2025 20:41:30.080] [main/ERROR] [net.minecraft.Util/]: Entity illageandspillage:bone has no attributes
[27Nov2025 20:41:30.080] [main/ERROR] [net.minecraft.Util/]: Entity illageandspillage:axe has no attributes
[27Nov2025 20:41:30.080] [main/ERROR] [net.minecraft.Util/]: Entity illageandspillage:bone has no attributes
[27Nov2025 20:41:30.080] [main/ERROR] [net.minecraft.Util/]: Entity illageandspillage:axe has no attributes
[27Nov2025 20:41:30.080] [main/ERROR] [net.minecraft.Util/]: Entity illageandspillage:bone has no attributes
[27Nov2025 20:41:30.081] [main/ERROR] [net.minecraft.Util/]: Entity illageandspillage:axe has no attributes
[27Nov2025 20:41:30.081] [main/ERROR] [net.minecraft.Util/]: Entity illageandspillage:bone has no attributes
[27Nov2025 20:41:30.081] [main/ERROR] [net.minecraft.Util/]: Entity illageandspillage:axe has no attributes
[27Nov2025 20:41:30.082] [main/ERROR] [net.minecraft.Util/]: Entity illageandspillage:bone has no attributes
[27Nov2025 20:41:30.082] [main/ERROR] [net.minecraft.Util/]: Entity illageandspillage:axe has no attributes
[27Nov2025 20:41:30.082] [main/ERROR] [net.minecraft.Util/]: Entity illageandspillage:bone has no attributes
[27Nov2025 20:41:30.082] [main/ERROR] [net.minecraft.Util/]: Entity illageandspillage:axe has no attributes
[27Nov2025 20:41:30.083] [main/ERROR] [net.minecraft.Util/]: Entity illageandspillage:bone has no attributes
[27Nov2025 20:41:30.083] [main/ERROR] [net.minecraft.Util/]: Entity illageandspillage:axe has no attributes
[27Nov2025 20:41:30.083] [main/ERROR] [net.minecraft.Util/]: Entity illageandspillage:bone has no attributes
[27Nov2025 20:41:30.084] [main/ERROR] [net.minecraft.Util/]: Entity illageandspillage:axe has no attributes
[27Nov2025 20:41:30.084] [main/ERROR] [net.minecraft.Util/]: Entity illageandspillage:bone has no attributes
[27Nov2025 20:41:30.084] [main/ERROR] [net.minecraft.Util/]: Entity illageandspillage:axe has no attributes
[27Nov2025 20:41:30.084] [main/ERROR] [net.minecraft.Util/]: Entity illageandspillage:bone has no attributes
[27Nov2025 20:41:30.085] [main/ERROR] [net.minecraft.Util/]: Entity illageandspillage:axe has no attributes
[27Nov2025 20:41:30.085] [main/ERROR] [net.minecraft.Util/]: Entity illageandspillage:bone has no attributes
[27Nov2025 20:41:30.085] [main/ERROR] [net.minecraft.Util/]: Entity illageandspillage:axe has no attributes
[27Nov2025 20:41:30.085] [main/ERROR] [net.minecraft.Util/]: Entity illageandspillage:bone has no attributes
[27Nov2025 20:41:30.085] [main/ERROR] [net.minecraft.Util/]: Entity illageandspillage:axe has no attributes
[27Nov2025 20:41:30.085] [main/ERROR] [net.minecraft.Util/]: Entity illageandspillage:bone has no attributes
[27Nov2025 20:41:30.086] [main/ERROR] [net.minecraft.Util/]: Entity illageandspillage:axe has no attributes
[27Nov2025 20:41:30.086] [main/ERROR] [net.minecraft.Util/]: Entity illageandspillage:bone has no attributes
[27Nov2025 20:41:30.086] [main/ERROR] [net.minecraft.Util/]: Entity illageandspillage:axe has no attributes
[27Nov2025 20:41:30.086] [main/ERROR] [net.minecraft.Util/]: Entity illageandspillage:bone has no attributes
[27Nov2025 20:41:30.086] [main/ERROR] [net.minecraft.Util/]: Entity illageandspillage:axe has no attributes
[27Nov2025 20:41:30.086] [main/ERROR] [net.minecraft.Util/]: Entity illageandspillage:bone has no attributes
[27Nov2025 20:41:30.086] [main/ERROR] [net.minecraft.Util/]: Entity illageandspillage:axe has no attributes
[27Nov2025 20:41:30.087] [main/ERROR] [net.minecraft.Util/]: Entity illageandspillage:bone has no attributes
[27Nov2025 20:41:30.087] [main/ERROR] [net.minecraft.Util/]: Entity illageandspillage:axe has no attributes
[27Nov2025 20:41:30.087] [main/ERROR] [net.minecraft.Util/]: Entity illageandspillage:bone has no attributes
[27Nov2025 20:41:30.087] [main/ERROR] [net.minecraft.Util/]: Entity illageandspillage:axe has no attributes
[27Nov2025 20:41:30.087] [main/ERROR] [net.minecraft.Util/]: Entity illageandspillage:bone has no attributes
[27Nov2025 20:41:30.087] [main/ERROR] [net.minecraft.Util/]: Entity illageandspillage:axe has no attributes
[27Nov2025 20:41:30.087] [main/ERROR] [net.minecraft.Util/]: Entity illageandspillage:bone has no attributes
[27Nov2025 20:41:30.088] [main/ERROR] [net.minecraft.Util/]: Entity illageandspillage:axe has no attributes
[27Nov2025 20:41:30.088] [main/ERROR] [net.minecraft.Util/]: Entity illageandspillage:bone has no attributes
[27Nov2025 20:41:30.088] [main/ERROR] [net.minecraft.Util/]: Entity illageandspillage:axe has no attributes
[27Nov2025 20:41:30.088] [main/ERROR] [net.minecraft.Util/]: Entity illageandspillage:bone has no attributes
[27Nov2025 20:41:30.088] [main/ERROR] [net.minecraft.Util/]: Entity illageandspillage:axe has no attributes
[27Nov2025 20:41:30.088] [main/ERROR] [net.minecraft.Util/]: Entity illageandspillage:bone has no attributes
[27Nov2025 20:41:30.088] [main/ERROR] [net.minecraft.Util/]: Entity illageandspillage:axe has no attributes
[27Nov2025 20:41:30.089] [main/ERROR] [net.minecraft.Util/]: Entity illageandspillage:bone has no attributes
[27Nov2025 20:41:30.089] [main/ERROR] [net.minecraft.Util/]: Entity illageandspillage:axe has no attributes
[27Nov2025 20:41:30.089] [main/ERROR] [net.minecraft.Util/]: Entity illageandspillage:bone has no attributes
[27Nov2025 20:41:30.089] [main/ERROR] [net.minecraft.Util/]: Entity illageandspillage:axe has no attributes
[27Nov2025 20:41:30.089] [main/ERROR] [net.minecraft.Util/]: Entity illageandspillage:bone has no attributes
[27Nov2025 20:41:30.089] [main/ERROR] [net.minecraft.Util/]: Entity illageandspillage:axe has no attributes
[27Nov2025 20:41:30.090] [main/ERROR] [net.minecraft.Util/]: Entity illageandspillage:bone has no attributes
[27Nov2025 20:41:30.090] [main/ERROR] [net.minecraft.Util/]: Entity illageandspillage:axe has no attributes
[27Nov2025 20:41:30.090] [main/ERROR] [net.minecraft.Util/]: Entity illageandspillage:bone has no attributes
[27Nov2025 20:41:30.090] [main/ERROR] [net.minecraft.Util/]: Entity illageandspillage:axe has no attributes
[27Nov2025 20:41:30.090] [main/ERROR] [net.minecraft.Util/]: Entity illageandspillage:bone has no attributes
[27Nov2025 20:41:30.090] [main/ERROR] [net.minecraft.Util/]: Entity illageandspillage:axe has no attributes
[27Nov2025 20:41:30.090] [main/ERROR] [net.minecraft.Util/]: Entity illageandspillage:bone has no attributes
[27Nov2025 20:41:30.090] [main/ERROR] [net.minecraft.Util/]: Entity illageandspillage:axe has no attributes
[27Nov2025 20:41:30.091] [main/ERROR] [net.minecraft.Util/]: Entity illageandspillage:bone has no attributes
[27Nov2025 20:41:30.091] [main/ERROR] [net.minecraft.Util/]: Entity illageandspillage:axe has no attributes
[27Nov2025 20:41:30.091] [main/ERROR] [net.minecraft.Util/]: Entity illageandspillage:bone has no attributes
[27Nov2025 20:41:30.091] [main/ERROR] [net.minecraft.Util/]: Entity illageandspillage:axe has no attributes
[27Nov2025 20:41:30.091] [main/ERROR] [net.minecraft.Util/]: Entity illageandspillage:bone has no attributes
[27Nov2025 20:41:30.091] [main/ERROR] [net.minecraft.Util/]: Entity illageandspillage:axe has no attributes
[27Nov2025 20:41:30.091] [main/ERROR] [net.minecraft.Util/]: Entity illageandspillage:bone has no attributes
[27Nov2025 20:41:30.091] [main/ERROR] [net.minecraft.Util/]: Entity illageandspillage:axe has no attributes
[27Nov2025 20:41:30.092] [main/ERROR] [net.minecraft.Util/]: Entity illageandspillage:bone has no attributes
[27Nov2025 20:41:30.092] [main/ERROR] [net.minecraft.Util/]: Entity illageandspillage:axe has no attributes
[27Nov2025 20:41:30.092] [main/ERROR] [net.minecraft.Util/]: Entity illageandspillage:bone has no attributes
[27Nov2025 20:41:30.092] [main/ERROR] [net.minecraft.Util/]: Entity illageandspillage:axe has no attributes
[27Nov2025 20:41:30.092] [main/ERROR] [net.minecraft.Util/]: Entity illageandspillage:bone has no attributes
[27Nov2025 20:41:30.092] [main/ERROR] [net.minecraft.Util/]: Entity illageandspillage:axe has no attributes
[27Nov2025 20:41:30.092] [main/ERROR] [net.minecraft.Util/]: Entity illageandspillage:bone has no attributes
[27Nov2025 20:41:30.092] [main/ERROR] [net.minecraft.Util/]: Entity illageandspillage:axe has no attributes
[27Nov2025 20:41:30.093] [main/ERROR] [net.minecraft.Util/]: Entity illageandspillage:bone has no attributes
[27Nov2025 20:41:30.093] [main/ERROR] [net.minecraft.Util/]: Entity illageandspillage:axe has no attributes
[27Nov2025 20:41:30.093] [main/ERROR] [net.minecraft.Util/]: Entity illageandspillage:bone has no attributes
[27Nov2025 20:41:30.093] [main/ERROR] [net.minecraft.Util/]: Entity illageandspillage:axe has no attributes
[27Nov2025 20:41:30.093] [main/ERROR] [net.minecraft.Util/]: Entity illageandspillage:bone has no attributes
[27Nov2025 20:41:30.093] [main/ERROR] [net.minecraft.Util/]: Entity illageandspillage:axe has no attributes
[27Nov2025 20:41:30.192] [Forge Version Check/INFO] [net.minecraftforge.fml.VersionChecker/]: [dynamiclights] Found status: UP_TO_DATE Current: 1.9+mod Target: null
[27Nov2025 20:41:30.192] [Forge Version Check/INFO] [net.minecraftforge.fml.VersionChecker/]: [fastitemframes] Starting version check at https://raw.githubusercontent.com/Fuzss/modresources/main/update/fastitemframes.json
[27Nov2025 20:41:30.204] [Forge Version Check/INFO] [net.minecraftforge.fml.VersionChecker/]: [fastitemframes] Found status: UP_TO_DATE Current: 20.1.5 Target: null
[27Nov2025 20:41:30.205] [Forge Version Check/INFO] [net.minecraftforge.fml.VersionChecker/]: [cobweb] Starting version check at https://api.modrinth.com/updates/cobweb/forge_updates.json
[27Nov2025 20:41:30.301] [Forge Version Check/INFO] [net.minecraftforge.fml.VersionChecker/]: [cobweb] Found status: UP_TO_DATE Current: 1.0.1 Target: null
[27Nov2025 20:41:30.301] [Forge Version Check/INFO] [net.minecraftforge.fml.VersionChecker/]: [soul_fire_d] Starting version check at https://api.modrinth.com/updates/soul-fire-d/forge_updates.json
[27Nov2025 20:41:30.390] [Forge Version Check/INFO] [net.minecraftforge.fml.VersionChecker/]: [soul_fire_d] Found status: UP_TO_DATE Current: 4.0.11 Target: null
[27Nov2025 20:41:30.390] [Forge Version Check/INFO] [net.minecraftforge.fml.VersionChecker/]: [diagonalblocks] Starting version check at https://raw.githubusercontent.com/Fuzss/modresources/main/update/diagonalblocks.json
[27Nov2025 20:41:30.479] [Forge Version Check/INFO] [net.minecraftforge.fml.VersionChecker/]: [diagonalblocks] Found status: BETA Current: 8.0.6 Target: null
[27Nov2025 20:41:30.479] [Forge Version Check/INFO] [net.minecraftforge.fml.VersionChecker/]: [witherstormmod] Starting version check at https://raw.githubusercontent.com/nonamecrackers2/cwsm-update-info/main/update_checker.json
[27Nov2025 20:41:30.490] [Forge Version Check/INFO] [net.minecraftforge.fml.VersionChecker/]: [witherstormmod] Found status: UP_TO_DATE Current: 4.2.1 Target: null
[27Nov2025 20:41:30.490] [Forge Version Check/INFO] [net.minecraftforge.fml.VersionChecker/]: [conjurer_illager] Starting version check at http://changelogs.moddinglegacy.com/conjurer-illager.json
[27Nov2025 20:41:30.516] [main/WARN] [net.minecraft.server.packs.VanillaPackResourcesBuilder/]: Assets URL 'union:/workspaces/effective-fortnight-SVR/servidor_minecraft/libraries/net/minecraft/server/1.20.1-20230612.114412/server-1.20.1-20230612.114412-srg.jar%23437!/assets/.mcassetsroot' uses unexpected schema
[27Nov2025 20:41:30.517] [main/WARN] [net.minecraft.server.packs.VanillaPackResourcesBuilder/]: Assets URL 'union:/workspaces/effective-fortnight-SVR/servidor_minecraft/libraries/net/minecraft/server/1.20.1-20230612.114412/server-1.20.1-20230612.114412-srg.jar%23437!/data/.mcassetsroot' uses unexpected schema
[27Nov2025 20:41:30.542] [Forge Version Check/INFO] [net.minecraftforge.fml.VersionChecker/]: [conjurer_illager] Found status: BETA Current: 1.1.6 Target: null
[27Nov2025 20:41:30.543] [Forge Version Check/INFO] [net.minecraftforge.fml.VersionChecker/]: [clumps] Starting version check at https://updates.blamejared.com/get?n=clumps&gv=1.20.1
[27Nov2025 20:41:30.609] [main/INFO] [Open Loader/]: Preparing Data Pack injection.
[27Nov2025 20:41:30.609] [main/INFO] [Open Loader/]: Successfully injected 0/0 packs from /workspaces/effective-fortnight-SVR/servidor_minecraft/config/openloader/data.
[27Nov2025 20:41:30.763] [main/INFO] [Moonlight/]: Starting runtime resource generation for pack type SERVER_DATA with generators from mods [immersive_weathering]: [com.ordana.immersive_weathering.dynamicpack.ServerDynamicResourcesHandler@46cc4b52]
[27Nov2025 20:41:30.764] [main/INFO] [Moonlight/]: Generating runtime assets for pack Immersive Weathering Generated Pack (immersive_weathering)
[27Nov2025 20:41:30.803] [main/INFO] [com.ordana.immersive_weathering.ImmersiveWeathering/]: Generated runtime SERVER_DATA for pack Immersive Weathering Generated Pack (immersive_weathering) in: 38 ms (multithreaded)
[27Nov2025 20:41:30.803] [main/INFO] [Moonlight/]: Finished runtime resources generation for 1 packs in a total of 39 ms
[27Nov2025 20:41:30.937] [Forge Version Check/INFO] [net.minecraftforge.fml.VersionChecker/]: [clumps] Found status: BETA Current: 12.0.0.4 Target: 12.0.0.4
[27Nov2025 20:41:30.937] [Forge Version Check/INFO] [net.minecraftforge.fml.VersionChecker/]: [configured] Starting version check at https://mrcrayfish.com/modupdatejson?id=configured
[27Nov2025 20:41:30.973] [Forge Version Check/WARN] [net.minecraftforge.fml.VersionChecker/]: Failed to process update information
com.google.gson.JsonSyntaxException: java.lang.IllegalStateException: Expected BEGIN_OBJECT but was STRING at line 1 column 1 path $
	at com.google.gson.Gson.fromJson(Gson.java:1226) ~[gson-2.10.jar%2372!/:?]
	at com.google.gson.Gson.fromJson(Gson.java:1124) ~[gson-2.10.jar%2372!/:?]
	at com.google.gson.Gson.fromJson(Gson.java:1034) ~[gson-2.10.jar%2372!/:?]
	at com.google.gson.Gson.fromJson(Gson.java:969) ~[gson-2.10.jar%2372!/:?]
	at net.minecraftforge.fml.VersionChecker$1.process(VersionChecker.java:186) ~[fmlcore-1.20.1-47.4.0.jar%23438!/:?]
	at java.lang.Iterable.forEach(Iterable.java:75) ~[?:?]
	at net.minecraftforge.fml.VersionChecker$1.run(VersionChecker.java:117) ~[fmlcore-1.20.1-47.4.0.jar%23438!/:?]
Caused by: java.lang.IllegalStateException: Expected BEGIN_OBJECT but was STRING at line 1 column 1 path $
	at com.google.gson.stream.JsonReader.beginObject(JsonReader.java:393) ~[gson-2.10.jar%2372!/:?]
	at com.google.gson.internal.bind.MapTypeAdapterFactory$Adapter.read(MapTypeAdapterFactory.java:182) ~[gson-2.10.jar%2372!/:?]
	at com.google.gson.internal.bind.MapTypeAdapterFactory$Adapter.read(MapTypeAdapterFactory.java:144) ~[gson-2.10.jar%2372!/:?]
	at com.google.gson.Gson.fromJson(Gson.java:1214) ~[gson-2.10.jar%2372!/:?]
	... 6 more
[27Nov2025 20:41:30.974] [Forge Version Check/INFO] [net.minecraftforge.fml.VersionChecker/]: [badmobs] Starting version check at https://updates.blamejared.com/get?n=badmobs&gv=1.20.1
[27Nov2025 20:41:31.071] [Forge Version Check/INFO] [net.minecraftforge.fml.VersionChecker/]: [badmobs] Found status: BETA Current: 19.0.4 Target: 19.0.4
[27Nov2025 20:41:31.071] [Forge Version Check/INFO] [net.minecraftforge.fml.VersionChecker/]: [iceberg] Starting version check at https://mc-update-check.anthonyhilyard.com/520110
[27Nov2025 20:41:31.216] [Forge Version Check/WARN] [net.minecraftforge.fml.VersionChecker/]: Failed to process update information
javax.net.ssl.SSLHandshakeException: PKIX path validation failed: java.security.cert.CertPathValidatorException: validity check failed
	at jdk.internal.net.http.HttpClientImpl.send(HttpClientImpl.java:579) ~[java.net.http:?]
	at jdk.internal.net.http.HttpClientFacade.send(HttpClientFacade.java:123) ~[java.net.http:?]
	at net.minecraftforge.fml.VersionChecker$1.openUrlString(VersionChecker.java:142) ~[fmlcore-1.20.1-47.4.0.jar%23438!/:?]
	at net.minecraftforge.fml.VersionChecker$1.process(VersionChecker.java:180) ~[fmlcore-1.20.1-47.4.0.jar%23438!/:?]
	at java.lang.Iterable.forEach(Iterable.java:75) ~[?:?]
	at net.minecraftforge.fml.VersionChecker$1.run(VersionChecker.java:117) ~[fmlcore-1.20.1-47.4.0.jar%23438!/:?]
Caused by: javax.net.ssl.SSLHandshakeException: PKIX path validation failed: java.security.cert.CertPathValidatorException: validity check failed
	at sun.security.ssl.Alert.createSSLException(Alert.java:131) ~[?:?]
	at sun.security.ssl.TransportContext.fatal(TransportContext.java:383) ~[?:?]
	at sun.security.ssl.TransportContext.fatal(TransportContext.java:326) ~[?:?]
	at sun.security.ssl.TransportContext.fatal(TransportContext.java:321) ~[?:?]
	at sun.security.ssl.CertificateMessage$T12CertificateConsumer.checkServerCerts(CertificateMessage.java:654) ~[?:?]
	at sun.security.ssl.CertificateMessage$T12CertificateConsumer.onCertificate(CertificateMessage.java:473) ~[?:?]
	at sun.security.ssl.CertificateMessage$T12CertificateConsumer.consume(CertificateMessage.java:369) ~[?:?]
	at sun.security.ssl.SSLHandshake.consume(SSLHandshake.java:396) ~[?:?]
	at sun.security.ssl.HandshakeContext.dispatch(HandshakeContext.java:480) ~[?:?]
	at sun.security.ssl.SSLEngineImpl$DelegatedTask$DelegatedAction.run(SSLEngineImpl.java:1277) ~[?:?]
	at sun.security.ssl.SSLEngineImpl$DelegatedTask$DelegatedAction.run(SSLEngineImpl.java:1264) ~[?:?]
	at java.security.AccessController.doPrivileged(AccessController.java:712) ~[?:?]
	at sun.security.ssl.SSLEngineImpl$DelegatedTask.run(SSLEngineImpl.java:1209) ~[?:?]
	at java.util.ArrayList.forEach(ArrayList.java:1511) ~[?:?]
	at jdk.internal.net.http.common.SSLFlowDelegate.lambda$executeTasks$3(SSLFlowDelegate.java:1132) ~[java.net.http:?]
	at jdk.internal.net.http.HttpClientImpl$DelegatingExecutor.execute(HttpClientImpl.java:158) ~[java.net.http:?]
	at jdk.internal.net.http.common.SSLFlowDelegate.executeTasks(SSLFlowDelegate.java:1127) ~[java.net.http:?]
	at jdk.internal.net.http.common.SSLFlowDelegate.doHandshake(SSLFlowDelegate.java:1093) ~[java.net.http:?]
	at jdk.internal.net.http.common.SSLFlowDelegate$Reader.processData(SSLFlowDelegate.java:498) ~[java.net.http:?]
	at jdk.internal.net.http.common.SSLFlowDelegate$Reader$ReaderDownstreamPusher.run(SSLFlowDelegate.java:282) ~[java.net.http:?]
	at jdk.internal.net.http.common.SequentialScheduler$LockingRestartableTask.run(SequentialScheduler.java:205) ~[java.net.http:?]
	at jdk.internal.net.http.common.SequentialScheduler$CompleteRestartableTask.run(SequentialScheduler.java:149) ~[java.net.http:?]
	at jdk.internal.net.http.common.SequentialScheduler$TryEndDeferredCompleter.complete(SequentialScheduler.java:347) ~[java.net.http:?]
	at jdk.internal.net.http.common.SequentialScheduler$CompleteRestartableTask.run(SequentialScheduler.java:151) ~[java.net.http:?]
	at jdk.internal.net.http.common.SequentialScheduler$SchedulableTask.run(SequentialScheduler.java:230) ~[java.net.http:?]
	at java.util.concurrent.ThreadPoolExecutor.runWorker(ThreadPoolExecutor.java:1136) ~[?:?]
	at java.util.concurrent.ThreadPoolExecutor$Worker.run(ThreadPoolExecutor.java:635) ~[?:?]
	at java.lang.Thread.run(Thread.java:840) ~[?:?]
Caused by: sun.security.validator.ValidatorException: PKIX path validation failed: java.security.cert.CertPathValidatorException: validity check failed
	at sun.security.validator.PKIXValidator.doValidate(PKIXValidator.java:369) ~[?:?]
	at sun.security.validator.PKIXValidator.engineValidate(PKIXValidator.java:275) ~[?:?]
	at sun.security.validator.Validator.validate(Validator.java:264) ~[?:?]
	at sun.security.ssl.X509TrustManagerImpl.checkTrusted(X509TrustManagerImpl.java:285) ~[?:?]
	at sun.security.ssl.X509TrustManagerImpl.checkServerTrusted(X509TrustManagerImpl.java:144) ~[?:?]
	at sun.security.ssl.CertificateMessage$T12CertificateConsumer.checkServerCerts(CertificateMessage.java:632) ~[?:?]
	at sun.security.ssl.CertificateMessage$T12CertificateConsumer.onCertificate(CertificateMessage.java:473) ~[?:?]
	at sun.security.ssl.CertificateMessage$T12CertificateConsumer.consume(CertificateMessage.java:369) ~[?:?]
	at sun.security.ssl.SSLHandshake.consume(SSLHandshake.java:396) ~[?:?]
	at sun.security.ssl.HandshakeContext.dispatch(HandshakeContext.java:480) ~[?:?]
	at sun.security.ssl.SSLEngineImpl$DelegatedTask$DelegatedAction.run(SSLEngineImpl.java:1277) ~[?:?]
	at sun.security.ssl.SSLEngineImpl$DelegatedTask$DelegatedAction.run(SSLEngineImpl.java:1264) ~[?:?]
	at java.security.AccessController.doPrivileged(AccessController.java:712) ~[?:?]
	at sun.security.ssl.SSLEngineImpl$DelegatedTask.run(SSLEngineImpl.java:1209) ~[?:?]
	at java.util.ArrayList.forEach(ArrayList.java:1511) ~[?:?]
	at jdk.internal.net.http.common.SSLFlowDelegate.lambda$executeTasks$3(SSLFlowDelegate.java:1132) ~[java.net.http:?]
	at jdk.internal.net.http.HttpClientImpl$DelegatingExecutor.execute(HttpClientImpl.java:158) ~[java.net.http:?]
	at jdk.internal.net.http.common.SSLFlowDelegate.executeTasks(SSLFlowDelegate.java:1127) ~[java.net.http:?]
	at jdk.internal.net.http.common.SSLFlowDelegate.doHandshake(SSLFlowDelegate.java:1093) ~[java.net.http:?]
	at jdk.internal.net.http.common.SSLFlowDelegate$Reader.processData(SSLFlowDelegate.java:498) ~[java.net.http:?]
	at jdk.internal.net.http.common.SSLFlowDelegate$Reader$ReaderDownstreamPusher.run(SSLFlowDelegate.java:282) ~[java.net.http:?]
	at jdk.internal.net.http.common.SequentialScheduler$LockingRestartableTask.run(SequentialScheduler.java:205) ~[java.net.http:?]
	at jdk.internal.net.http.common.SequentialScheduler$CompleteRestartableTask.run(SequentialScheduler.java:149) ~[java.net.http:?]
	at jdk.internal.net.http.common.SequentialScheduler$TryEndDeferredCompleter.complete(SequentialScheduler.java:347) ~[java.net.http:?]
	at jdk.internal.net.http.common.SequentialScheduler$CompleteRestartableTask.run(SequentialScheduler.java:151) ~[java.net.http:?]
	at jdk.internal.net.http.common.SequentialScheduler$SchedulableTask.run(SequentialScheduler.java:230) ~[java.net.http:?]
	at java.util.concurrent.ThreadPoolExecutor.runWorker(ThreadPoolExecutor.java:1136) ~[?:?]
	at java.util.concurrent.ThreadPoolExecutor$Worker.run(ThreadPoolExecutor.java:635) ~[?:?]
	at java.lang.Thread.run(Thread.java:840) ~[?:?]
Caused by: java.security.cert.CertPathValidatorException: validity check failed
	at sun.security.provider.certpath.PKIXMasterCertPathValidator.validate(PKIXMasterCertPathValidator.java:135) ~[?:?]
	at sun.security.provider.certpath.PKIXCertPathValidator.validate(PKIXCertPathValidator.java:224) ~[?:?]
	at sun.security.provider.certpath.PKIXCertPathValidator.validate(PKIXCertPathValidator.java:144) ~[?:?]
	at sun.security.provider.certpath.PKIXCertPathValidator.engineValidate(PKIXCertPathValidator.java:83) ~[?:?]
	at java.security.cert.CertPathValidator.validate(CertPathValidator.java:309) ~[?:?]
	at sun.security.validator.PKIXValidator.doValidate(PKIXValidator.java:364) ~[?:?]
	at sun.security.validator.PKIXValidator.engineValidate(PKIXValidator.java:275) ~[?:?]
	at sun.security.validator.Validator.validate(Validator.java:264) ~[?:?]
	at sun.security.ssl.X509TrustManagerImpl.checkTrusted(X509TrustManagerImpl.java:285) ~[?:?]
	at sun.security.ssl.X509TrustManagerImpl.checkServerTrusted(X509TrustManagerImpl.java:144) ~[?:?]
	at sun.security.ssl.CertificateMessage$T12CertificateConsumer.checkServerCerts(CertificateMessage.java:632) ~[?:?]
	at sun.security.ssl.CertificateMessage$T12CertificateConsumer.onCertificate(CertificateMessage.java:473) ~[?:?]
	at sun.security.ssl.CertificateMessage$T12CertificateConsumer.consume(CertificateMessage.java:369) ~[?:?]
	at sun.security.ssl.SSLHandshake.consume(SSLHandshake.java:396) ~[?:?]
	at sun.security.ssl.HandshakeContext.dispatch(HandshakeContext.java:480) ~[?:?]
	at sun.security.ssl.SSLEngineImpl$DelegatedTask$DelegatedAction.run(SSLEngineImpl.java:1277) ~[?:?]
	at sun.security.ssl.SSLEngineImpl$DelegatedTask$DelegatedAction.run(SSLEngineImpl.java:1264) ~[?:?]
	at java.security.AccessController.doPrivileged(AccessController.java:712) ~[?:?]
	at sun.security.ssl.SSLEngineImpl$DelegatedTask.run(SSLEngineImpl.java:1209) ~[?:?]
	at java.util.ArrayList.forEach(ArrayList.java:1511) ~[?:?]
	at jdk.internal.net.http.common.SSLFlowDelegate.lambda$executeTasks$3(SSLFlowDelegate.java:1132) ~[java.net.http:?]
	at jdk.internal.net.http.HttpClientImpl$DelegatingExecutor.execute(HttpClientImpl.java:158) ~[java.net.http:?]
	at jdk.internal.net.http.common.SSLFlowDelegate.executeTasks(SSLFlowDelegate.java:1127) ~[java.net.http:?]
	at jdk.internal.net.http.common.SSLFlowDelegate.doHandshake(SSLFlowDelegate.java:1093) ~[java.net.http:?]
	at jdk.internal.net.http.common.SSLFlowDelegate$Reader.processData(SSLFlowDelegate.java:498) ~[java.net.http:?]
	at jdk.internal.net.http.common.SSLFlowDelegate$Reader$ReaderDownstreamPusher.run(SSLFlowDelegate.java:282) ~[java.net.http:?]
	at jdk.internal.net.http.common.SequentialScheduler$LockingRestartableTask.run(SequentialScheduler.java:205) ~[java.net.http:?]
	at jdk.internal.net.http.common.SequentialScheduler$CompleteRestartableTask.run(SequentialScheduler.java:149) ~[java.net.http:?]
	at jdk.internal.net.http.common.SequentialScheduler$TryEndDeferredCompleter.complete(SequentialScheduler.java:347) ~[java.net.http:?]
	at jdk.internal.net.http.common.SequentialScheduler$CompleteRestartableTask.run(SequentialScheduler.java:151) ~[java.net.http:?]
	at jdk.internal.net.http.common.SequentialScheduler$SchedulableTask.run(SequentialScheduler.java:230) ~[java.net.http:?]
	at java.util.concurrent.ThreadPoolExecutor.runWorker(ThreadPoolExecutor.java:1136) ~[?:?]
	at java.util.concurrent.ThreadPoolExecutor$Worker.run(ThreadPoolExecutor.java:635) ~[?:?]
	at java.lang.Thread.run(Thread.java:840) ~[?:?]
Caused by: java.security.cert.CertificateExpiredException: NotAfter: Sat Sep 06 14:33:56 UTC 2025
	at sun.security.x509.CertificateValidity.valid(CertificateValidity.java:274) ~[?:?]
	at sun.security.x509.X509CertImpl.checkValidity(X509CertImpl.java:621) ~[?:?]
	at sun.security.provider.certpath.BasicChecker.verifyValidity(BasicChecker.java:190) ~[?:?]
	at sun.security.provider.certpath.BasicChecker.check(BasicChecker.java:144) ~[?:?]
	at sun.security.provider.certpath.PKIXMasterCertPathValidator.validate(PKIXMasterCertPathValidator.java:125) ~[?:?]
	at sun.security.provider.certpath.PKIXCertPathValidator.validate(PKIXCertPathValidator.java:224) ~[?:?]
	at sun.security.provider.certpath.PKIXCertPathValidator.validate(PKIXCertPathValidator.java:144) ~[?:?]
	at sun.security.provider.certpath.PKIXCertPathValidator.engineValidate(PKIXCertPathValidator.java:83) ~[?:?]
	at java.security.cert.CertPathValidator.validate(CertPathValidator.java:309) ~[?:?]
	at sun.security.validator.PKIXValidator.doValidate(PKIXValidator.java:364) ~[?:?]
	at sun.security.validator.PKIXValidator.engineValidate(PKIXValidator.java:275) ~[?:?]
	at sun.security.validator.Validator.validate(Validator.java:264) ~[?:?]
	at sun.security.ssl.X509TrustManagerImpl.checkTrusted(X509TrustManagerImpl.java:285) ~[?:?]
	at sun.security.ssl.X509TrustManagerImpl.checkServerTrusted(X509TrustManagerImpl.java:144) ~[?:?]
	at sun.security.ssl.CertificateMessage$T12CertificateConsumer.checkServerCerts(CertificateMessage.java:632) ~[?:?]
	at sun.security.ssl.CertificateMessage$T12CertificateConsumer.onCertificate(CertificateMessage.java:473) ~[?:?]
	at sun.security.ssl.CertificateMessage$T12CertificateConsumer.consume(CertificateMessage.java:369) ~[?:?]
	at sun.security.ssl.SSLHandshake.consume(SSLHandshake.java:396) ~[?:?]
	at sun.security.ssl.HandshakeContext.dispatch(HandshakeContext.java:480) ~[?:?]
	at sun.security.ssl.SSLEngineImpl$DelegatedTask$DelegatedAction.run(SSLEngineImpl.java:1277) ~[?:?]
	at sun.security.ssl.SSLEngineImpl$DelegatedTask$DelegatedAction.run(SSLEngineImpl.java:1264) ~[?:?]
	at java.security.AccessController.doPrivileged(AccessController.java:712) ~[?:?]
	at sun.security.ssl.SSLEngineImpl$DelegatedTask.run(SSLEngineImpl.java:1209) ~[?:?]
	at java.util.ArrayList.forEach(ArrayList.java:1511) ~[?:?]
	at jdk.internal.net.http.common.SSLFlowDelegate.lambda$executeTasks$3(SSLFlowDelegate.java:1132) ~[java.net.http:?]
	at jdk.internal.net.http.HttpClientImpl$DelegatingExecutor.execute(HttpClientImpl.java:158) ~[java.net.http:?]
	at jdk.internal.net.http.common.SSLFlowDelegate.executeTasks(SSLFlowDelegate.java:1127) ~[java.net.http:?]
	at jdk.internal.net.http.common.SSLFlowDelegate.doHandshake(SSLFlowDelegate.java:1093) ~[java.net.http:?]
	at jdk.internal.net.http.common.SSLFlowDelegate$Reader.processData(SSLFlowDelegate.java:498) ~[java.net.http:?]
	at jdk.internal.net.http.common.SSLFlowDelegate$Reader$ReaderDownstreamPusher.run(SSLFlowDelegate.java:282) ~[java.net.http:?]
	at jdk.internal.net.http.common.SequentialScheduler$LockingRestartableTask.run(SequentialScheduler.java:205) ~[java.net.http:?]
	at jdk.internal.net.http.common.SequentialScheduler$CompleteRestartableTask.run(SequentialScheduler.java:149) ~[java.net.http:?]
	at jdk.internal.net.http.common.SequentialScheduler$TryEndDeferredCompleter.complete(SequentialScheduler.java:347) ~[java.net.http:?]
	at jdk.internal.net.http.common.SequentialScheduler$CompleteRestartableTask.run(SequentialScheduler.java:151) ~[java.net.http:?]
	at jdk.internal.net.http.common.SequentialScheduler$SchedulableTask.run(SequentialScheduler.java:230) ~[java.net.http:?]
	at java.util.concurrent.ThreadPoolExecutor.runWorker(ThreadPoolExecutor.java:1136) ~[?:?]
	at java.util.concurrent.ThreadPoolExecutor$Worker.run(ThreadPoolExecutor.java:635) ~[?:?]
	at java.lang.Thread.run(Thread.java:840) ~[?:?]
[27Nov2025 20:41:31.222] [Forge Version Check/INFO] [net.minecraftforge.fml.VersionChecker/]: [diagonalfences] Starting version check at https://raw.githubusercontent.com/Fuzss/modresources/main/update/diagonalfences.json
[27Nov2025 20:41:31.232] [Forge Version Check/INFO] [net.minecraftforge.fml.VersionChecker/]: [diagonalfences] Found status: UP_TO_DATE Current: 8.1.5 Target: null
[27Nov2025 20:41:31.232] [Forge Version Check/INFO] [net.minecraftforge.fml.VersionChecker/]: [openloader] Starting version check at https://updates.blamejared.com/get?n=openloader&gv=1.20.1
[27Nov2025 20:41:31.257] [main/INFO] [com.teamabnormals.blueprint.core.Blueprint/]: Successfully loaded 10 data remolders!
[27Nov2025 20:41:31.329] [Forge Version Check/INFO] [net.minecraftforge.fml.VersionChecker/]: [openloader] Found status: BETA Current: 19.0.4 Target: 19.0.4
[27Nov2025 20:41:33.067] [main/INFO] [bettervillage/]: StructureSet modified for minecraft:village : Now using custom village configuration (can be disabled in the better villages config: boolean.villages.enabled_custom_config).
[27Nov2025 20:41:34.603] [main/INFO] [APTweaks(Core)/]: Registering /aptweaks commands for Adaptive Performance Tweaks: Core ...
[27Nov2025 20:41:34.653] [main/INFO] [Easy NPC/]: 🗣 Register Easy NPC /easy_npc commands for Easy NPC ...
[27Nov2025 20:41:34.680] [main/INFO] [APTweaks(Items)/]: Registering /aptweaks commands for Adaptive Performance Tweaks: Items ...
[27Nov2025 20:41:34.907] [Worker-Main-2/ERROR] [net.minecraft.tags.TagLoader/]: Not a valid resource location: regions_unexplored:regions_unexplored:rocky_meadow Non [a-z0-9/._-] character in path of location: regions_unexplored:regions_unexplored:rocky_meadow; Not a valid resource location: regions_unexplored:regions_unexplored:shrubland Non [a-z0-9/._-] character in path of location: regions_unexplored:regions_unexplored:shrubland
[27Nov2025 20:41:34.908] [Worker-Main-2/ERROR] [net.minecraft.tags.TagLoader/]: Couldn't read tag list minecraft:village_plains from minecraft:tags/worldgen/biome/village_plains.json in data pack Epic Villages v1.1.0 (1.20+).jar
java.lang.RuntimeException: Not a valid resource location: regions_unexplored:regions_unexplored:rocky_meadow Non [a-z0-9/._-] character in path of location: regions_unexplored:regions_unexplored:rocky_meadow; Not a valid resource location: regions_unexplored:regions_unexplored:shrubland Non [a-z0-9/._-] character in path of location: regions_unexplored:regions_unexplored:shrubland
	at com.mojang.serialization.DataResult.lambda$getOrThrow$5(DataResult.java:101) ~[datafixerupper-6.0.8.jar%2377!/:?]
	at com.mojang.datafixers.util.Either$Right.map(Either.java:99) ~[datafixerupper-6.0.8.jar%2377!/:?]
	at com.mojang.serialization.DataResult.getOrThrow(DataResult.java:93) ~[datafixerupper-6.0.8.jar%2377!/:?]
	at net.minecraft.tags.TagLoader.m_144495_(TagLoader.java:53) ~[server-1.20.1-20230612.114412-srg.jar%23437!/:?]
	at net.minecraft.tags.TagLoader.m_203900_(TagLoader.java:114) ~[server-1.20.1-20230612.114412-srg.jar%23437!/:?]
	at net.minecraft.tags.TagManager.m_203920_(TagManager.java:55) ~[server-1.20.1-20230612.114412-srg.jar%23437!/:?]
	at java.util.concurrent.CompletableFuture$AsyncSupply.run(CompletableFuture.java:1768) ~[?:?]
	at java.util.concurrent.CompletableFuture$AsyncSupply.exec(CompletableFuture.java:1760) ~[?:?]
	at java.util.concurrent.ForkJoinTask.doExec(ForkJoinTask.java:373) ~[?:?]
	at java.util.concurrent.ForkJoinPool$WorkQueue.topLevelExec(ForkJoinPool.java:1182) ~[?:?]
	at java.util.concurrent.ForkJoinPool.scan(ForkJoinPool.java:1655) ~[?:?]
	at java.util.concurrent.ForkJoinPool.runWorker(ForkJoinPool.java:1622) ~[?:?]
	at java.util.concurrent.ForkJoinWorkerThread.run(ForkJoinWorkerThread.java:165) ~[?:?]
[27Nov2025 20:41:34.912] [Worker-Main-2/ERROR] [net.minecraft.tags.TagLoader/]: Couldn't read tag list minecraft:village_snowy from minecraft:tags/worldgen/biome/village_snowy.json in data pack Epic Villages v1.1.0 (1.20+).jar
com.google.gson.JsonSyntaxException: com.google.gson.stream.MalformedJsonException: Expected ':' at line 8 column 8 path $.values[3].o
	at com.google.gson.internal.Streams.parse(Streams.java:61) ~[gson-2.10.jar%2372!/:?]
	at com.google.gson.JsonParser.parseReader(JsonParser.java:102) ~[gson-2.10.jar%2372!/:?]
	at com.google.gson.JsonParser.parseReader(JsonParser.java:70) ~[gson-2.10.jar%2372!/:?]
	at net.minecraft.tags.TagLoader.m_144495_(TagLoader.java:49) ~[server-1.20.1-20230612.114412-srg.jar%23437!/:?]
	at net.minecraft.tags.TagLoader.m_203900_(TagLoader.java:114) ~[server-1.20.1-20230612.114412-srg.jar%23437!/:?]
	at net.minecraft.tags.TagManager.m_203920_(TagManager.java:55) ~[server-1.20.1-20230612.114412-srg.jar%23437!/:?]
	at java.util.concurrent.CompletableFuture$AsyncSupply.run(CompletableFuture.java:1768) ~[?:?]
	at java.util.concurrent.CompletableFuture$AsyncSupply.exec(CompletableFuture.java:1760) ~[?:?]
	at java.util.concurrent.ForkJoinTask.doExec(ForkJoinTask.java:373) ~[?:?]
	at java.util.concurrent.ForkJoinPool$WorkQueue.topLevelExec(ForkJoinPool.java:1182) ~[?:?]
	at java.util.concurrent.ForkJoinPool.scan(ForkJoinPool.java:1655) ~[?:?]
	at java.util.concurrent.ForkJoinPool.runWorker(ForkJoinPool.java:1622) ~[?:?]
	at java.util.concurrent.ForkJoinWorkerThread.run(ForkJoinWorkerThread.java:165) ~[?:?]
Caused by: com.google.gson.stream.MalformedJsonException: Expected ':' at line 8 column 8 path $.values[3].o
	at com.google.gson.stream.JsonReader.syntaxError(JsonReader.java:1657) ~[gson-2.10.jar%2372!/:?]
	at com.google.gson.stream.JsonReader.doPeek(JsonReader.java:539) ~[gson-2.10.jar%2372!/:?]
	at com.google.gson.stream.JsonReader.peek(JsonReader.java:433) ~[gson-2.10.jar%2372!/:?]
	at com.google.gson.internal.bind.TypeAdapters$28.read(TypeAdapters.java:786) ~[gson-2.10.jar%2372!/:?]
	at com.google.gson.internal.bind.TypeAdapters$28.read(TypeAdapters.java:725) ~[gson-2.10.jar%2372!/:?]
	at com.google.gson.internal.Streams.parse(Streams.java:49) ~[gson-2.10.jar%2372!/:?]
	... 12 more
[27Nov2025 20:41:36.076] [main/INFO] [com.teamabnormals.blueprint.core.Blueprint/]: Loot Modification Manager has loaded 0 modifier groups
[27Nov2025 20:41:36.423] [main/ERROR] [net.minecraft.world.item.crafting.RecipeManager/]: Parsing error loading recipe unusual_furniture:spruce_bench_craft: com.google.gson.JsonSyntaxException: Unknown item 'unusual_furniture:industrial_bench'
[27Nov2025 20:41:36.439] [main/ERROR] [net.minecraft.world.item.crafting.RecipeManager/]: Parsing error loading recipe minecraft_121_update:copper_lock_crafting: com.google.gson.JsonSyntaxException: Unknown item 'minecraft_121_update:deleted_mod_element'
[27Nov2025 20:41:36.449] [main/ERROR] [net.minecraft.world.item.crafting.RecipeManager/]: Parsing error loading recipe minecraft_121_update:copper_door: com.google.gson.JsonSyntaxException: Unknown item 'minecraft_121_update:deleted_mod_element'
[27Nov2025 20:41:36.483] [main/INFO] [net.minecraft.world.item.crafting.RecipeManager/]: Loaded 13 recipes
[27Nov2025 20:41:36.495] [main/INFO] [com.teamabnormals.blueprint.core.Blueprint/]: Advancement Modification Manager has loaded 1 modifier groups
[27Nov2025 20:41:36.558] [main/ERROR] [net.minecraft.server.ServerAdvancementManager/]: Parsing error loading custom advancement blastfromthepast:brother_bear: Invalid criterion trigger: blastfromthepast:pacify_bear_trigger
[27Nov2025 20:41:36.563] [main/ERROR] [net.minecraft.server.ServerAdvancementManager/]: Parsing error loading custom advancement blastfromthepast:prehistoric_party: Invalid criterion trigger: blastfromthepast:dance_trigger
[27Nov2025 20:41:36.669] [main/INFO] [net.minecraft.advancements.AdvancementList/]: Loaded 2797 advancements
[27Nov2025 20:41:36.676] [main/INFO] [com.iafenvoy.jupiter.Jupiter/]: Successfully reload 0 server config(s).
[27Nov2025 20:41:36.681] [main/INFO] [top.theillusivec4.curios.Curios/]: Loaded 13 curio slots
[27Nov2025 20:41:36.684] [main/INFO] [top.theillusivec4.curios.Curios/]: Loaded 1 curio entities
[27Nov2025 20:41:36.690] [main/WARN] [net.minecraftforge.common.loot.LootModifierManager/]: Could not decode GlobalLootModifier with json id projectvibrantjourneys:straw_from_short_grass - error: Unknown registry key in ResourceKey[minecraft:root / forge:global_loot_modifier_serializers]: farmersdelight:add_item
[27Nov2025 20:41:36.691] [main/WARN] [net.minecraftforge.common.loot.LootModifierManager/]: Could not decode GlobalLootModifier with json id whaleborne:add_treasure_widgets - error: Not a JSON object: null
[27Nov2025 20:41:36.691] [main/INFO] [com.github.nyuppo.MoreMobVariants/]: Reloading config...
[27Nov2025 20:41:36.715] [main/INFO] [com.teamabnormals.blueprint.core.Blueprint/]: Chunk Generator Modification Manager has loaded 1 modifier groups
[27Nov2025 20:41:36.849] [main/INFO] [com.ordana.immersive_weathering.ImmersiveWeathering/]: Loaded 78 block growths configurations
[27Nov2025 20:41:36.857] [main/INFO] [com.ordana.immersive_weathering.ImmersiveWeathering/]: Loaded 14 liquid generators configurations
[27Nov2025 20:41:36.869] [main/INFO] [net.werdei.biome_replacer.BiomeReplacer/]: [BiomeReplacer] Loaded 0 rules (0 direct, 0 tag-based) and ignored 0
[27Nov2025 20:41:36.869] [main/INFO] [net.werdei.biome_replacer.BiomeReplacer/]: [BiomeReplacer] No rules found, not replacing anything
[27Nov2025 20:41:36.869] [main/WARN] [ModernFix/]: Initial datapack load took 6.311 s
[27Nov2025 20:41:37.100] [main/INFO] [majruszlibrary/]: [majruszsdifficulty.json] Reloading configuration file took 8 milliseconds
[27Nov2025 20:41:37.100] [main/INFO] [majruszlibrary/]: [majruszlibrary.json] Reloading configuration file took 0 milliseconds
[27Nov2025 20:41:37.102] [Server thread/INFO] [net.minecraft.server.dedicated.DedicatedServer/]: Starting minecraft server version 1.20.1
[27Nov2025 20:41:37.102] [Server thread/INFO] [net.minecraft.server.dedicated.DedicatedServer/]: Loading properties
[27Nov2025 20:41:37.102] [Server thread/INFO] [net.minecraft.server.dedicated.DedicatedServer/]: Default game type: SURVIVAL
[27Nov2025 20:41:37.102] [Server thread/INFO] [net.minecraft.server.MinecraftServer/]: Generating keypair
[27Nov2025 20:41:37.245] [Server thread/INFO] [net.minecraft.server.dedicated.DedicatedServer/]: Starting Minecraft server on *:25565
[27Nov2025 20:41:37.273] [Server thread/INFO] [net.minecraft.server.network.ServerConnectionListener/]: Using epoll channel type
[27Nov2025 20:41:37.371] [Server thread/WARN] [net.minecraft.server.dedicated.DedicatedServer/]: **** SERVER IS RUNNING IN OFFLINE/INSECURE MODE!
[27Nov2025 20:41:37.372] [Server thread/WARN] [net.minecraft.server.dedicated.DedicatedServer/]: The server will make no attempt to authenticate usernames. Beware.
[27Nov2025 20:41:37.372] [Server thread/WARN] [net.minecraft.server.dedicated.DedicatedServer/]: While this makes the game possible to play without internet access, it also opens up the ability for hackers to connect with any username they choose.
[27Nov2025 20:41:37.372] [Server thread/WARN] [net.minecraft.server.dedicated.DedicatedServer/]: To change this, set "online-mode" to "true" in the server.properties file.
[27Nov2025 20:41:37.395] [Server thread/INFO] [Puzzles Lib/]: Loading server config for easyanvils
[27Nov2025 20:41:37.398] [Server thread/INFO] [Puzzles Lib/]: Loading server config for leavesbegone
[27Nov2025 20:41:37.565] [Server thread/INFO] [APTweaks(Core)/]: [APTweaks:Core] Game difficult factors EASY: 0.9, NORMAL: 1.0, PEACEFUL: 1.0 and HARD: 2.0
[27Nov2025 20:41:37.565] [Server thread/INFO] [APTweaks(Core)/]: [APTweaks:Core] ⏲ Phase 1/3 - Server took about 61.289 sec to load ...
[27Nov2025 20:41:37.660] [Server thread/INFO] [spark/]: Starting background profiler...
[27Nov2025 20:41:38.731] [Server thread/ERROR] [mixin/]: Injection error: LVT in net/minecraft/world/entity/npc/VillagerTrades$EmeraldsForVillagerTypeItem::m_213663_(Lnet/minecraft/world/entity/Entity;Lnet/minecraft/util/RandomSource;)Lnet/minecraft/world/item/trading/MerchantOffer; has incompatible changes at opcode 34 in callback fabric-object-builder-v1.mixins.json:TradeOffersTypeAwareBuyForOneEmeraldFactoryMixin->@Inject::failOnNullItem(Lnet/minecraft/world/entity/Entity;Lnet/minecraft/util/RandomSource;Lorg/spongepowered/asm/mixin/injection/callback/CallbackInfoReturnable;Lnet/minecraft/world/item/ItemStack;)V.
 Expected: [Lnet/minecraft/world/item/ItemStack;]
    Found: [Lnet/minecraft/world/item/Item;]
Available: [Lnet/minecraft/world/item/Item;, Lnet/minecraft/world/item/ItemStack;]
[27Nov2025 20:41:38.742] [Server thread/INFO] [APTweaks(Items)/]: Max number of Items allowed per world: 128 / per type: 32
[27Nov2025 20:41:38.743] [Server thread/INFO] [APTweaks(Items)/]: Enable clustering of items with a radius of 3 blocks.
[27Nov2025 20:41:38.743] [Server thread/INFO] [APTweaks(Items)/]: Optimize all items except from deny list: [item.minecraft.diamond, item.minecraft.diamond_block]
[27Nov2025 20:41:38.745] [Server thread/WARN] [APTweaks(Items)/]: ⚠ The mod Get It Together, Drops! clusters items in a specific radius, which could conflict with the feature of this mod. Don't use both optimizations together to avoid any side effects!
[27Nov2025 20:41:38.745] [Server thread/INFO] [APTweaks(Items)/]: Enable clustering of Experience Orbs with a radius of 4 blocks.
[27Nov2025 20:41:38.746] [Server thread/ERROR] [APTweaks(Items)/]: WARNING: Clumps groups XP orbs together into a new single entity, which will conflict with the XP Orb feature of this mod!
[27Nov2025 20:41:38.746] [Server thread/WARN] [APTweaks(Items)/]: Don't use both optimizations together! Clustering of Experience Orbs will be automatically disabled!
[27Nov2025 20:41:38.747] [Server thread/INFO] [Framework/]: Loading server configs...
[27Nov2025 20:41:38.772] [Server thread/INFO] [terrablender/]: Initialized TerraBlender biomes for level stem minecraft:the_nether
[27Nov2025 20:41:39.397] [Server thread/INFO] [terrablender/]: Initialized TerraBlender biomes for level stem minecraft:overworld
[27Nov2025 20:41:39.398] [Server thread/INFO] [net.jadenxgamer.elysium_api.Elysium/]: ElysiumBiomeSource successfully initialized for minecraft:overworld
[27Nov2025 20:41:39.400] [Server thread/INFO] [net.jadenxgamer.elysium_api.Elysium/]: ElysiumBiomeSource successfully initialized for minecraft:the_nether
[27Nov2025 20:41:39.400] [Server thread/INFO] [net.minecraft.server.dedicated.DedicatedServer/]: Preparing level "world"
[27Nov2025 20:41:40.092] [Server thread/INFO] [incontrol/]: Reading rules from areas.json
[27Nov2025 20:41:40.100] [Server thread/INFO] [incontrol/]: Reading rules from spawn.json
[27Nov2025 20:41:40.102] [Server thread/INFO] [incontrol/]: Reading rules from summonaid.json
[27Nov2025 20:41:40.104] [Server thread/INFO] [incontrol/]: Reading rules from loot.json
[27Nov2025 20:41:40.105] [Server thread/INFO] [incontrol/]: Reading rules from experience.json
[27Nov2025 20:41:40.107] [Server thread/INFO] [incontrol/]: Reading rules from phases.json
[27Nov2025 20:41:40.109] [Server thread/INFO] [incontrol/]: Reading rules from effects.json
[27Nov2025 20:41:40.111] [Server thread/INFO] [incontrol/]: Reading rules from breakevents.json
[27Nov2025 20:41:40.113] [Server thread/INFO] [incontrol/]: Reading rules from placeevents.json
[27Nov2025 20:41:40.114] [Server thread/INFO] [incontrol/]: Reading rules from rightclicks.json
[27Nov2025 20:41:40.115] [Server thread/INFO] [incontrol/]: Reading rules from leftclicks.json
[27Nov2025 20:41:40.118] [Server thread/INFO] [incontrol/]: Reading rules from spawner.json
[27Nov2025 20:41:40.120] [Server thread/INFO] [incontrol/]: Reading rules from events.json
[27Nov2025 20:41:40.233] [Server thread/WARN] [witherstormmod/WitherStormBowelsManager/]: Structures are disabled, meaning the bowels cannot be accessed. Please enable structures to have access to the final boss battle.
[27Nov2025 20:41:40.279] [Server thread/INFO] [APTweaks(Core)/]: [APTweaks:Core] Game difficulty is set to EASY with a 0.9 factor.
[27Nov2025 20:41:40.280] [Server thread/INFO] [net.minecraft.server.MinecraftServer/]: Preparing start region for dimension minecraft:overworld
[27Nov2025 20:41:40.284] [Server thread/WARN] [mixin/]: Method overwrite conflict for removeIf in lithium.mixins.json:world.chunk_tickets.SortedArraySetMixin, previously written by org.embeddedt.modernfix.common.mixin.bugfix.paper_chunk_patches.SortedArraySetMixin. Skipping method.
[27Nov2025 20:41:41.982] [Server thread/INFO] [net.minecraft.server.level.progress.LoggerChunkProgressListener/]: Preparing spawn area: 0%
[27Nov2025 20:41:41.982] [Server thread/INFO] [net.minecraft.server.level.progress.LoggerChunkProgressListener/]: Preparing spawn area: 0%
[27Nov2025 20:41:41.983] [Server thread/INFO] [net.minecraft.server.level.progress.LoggerChunkProgressListener/]: Preparing spawn area: 0%
[27Nov2025 20:41:41.983] [Server thread/INFO] [net.minecraft.server.level.progress.LoggerChunkProgressListener/]: Preparing spawn area: 0%
[27Nov2025 20:41:42.284] [Server thread/INFO] [net.minecraft.server.level.progress.LoggerChunkProgressListener/]: Preparing spawn area: 2%
[27Nov2025 20:41:42.539] [Server thread/INFO] [Easy NPC/]: Define custom server-side data for Humanoid['entity.easy_npc.humanoid'/74, l='ServerLevel[EL TUTORIAL MÁS EPICO]', x=0.00, y=0.00, z=0.00] ...
[27Nov2025 20:41:42.542] [Server thread/INFO] [Easy NPC/]: Register default handler for Humanoid['entity.easy_npc.humanoid'/74, l='ServerLevel[EL TUTORIAL MÁS EPICO]', x=0.00, y=0.00, z=0.00] with variant STEVE ...
[27Nov2025 20:41:42.544] [Server thread/INFO] [Easy NPC/]: Easy NPC Data version 3 for Humanoid['FLINT'/74, l='ServerLevel[EL TUTORIAL MÁS EPICO]', x=9.50, y=76.00, z=-321.50].
[27Nov2025 20:41:42.571] [Server thread/INFO] [Easy NPC/]: Define custom server-side data for HumanoidSlim['entity.easy_npc.humanoid_slim'/81, l='ServerLevel[EL TUTORIAL MÁS EPICO]', x=0.00, y=0.00, z=0.00] ...
[27Nov2025 20:41:42.572] [Server thread/INFO] [Easy NPC/]: Register default handler for HumanoidSlim['entity.easy_npc.humanoid_slim'/81, l='ServerLevel[EL TUTORIAL MÁS EPICO]', x=0.00, y=0.00, z=0.00] with variant ALEX ...
[27Nov2025 20:41:42.573] [Server thread/INFO] [Easy NPC/]: Easy NPC Data version 3 for HumanoidSlim['ANGEL'/81, l='ServerLevel[EL TUTORIAL MÁS EPICO]', x=2.50, y=126.00, z=-281.50].
[27Nov2025 20:41:42.574] [Server thread/INFO] [Easy NPC/]: Define custom server-side data for Pig['entity.easy_npc.pig'/82, l='ServerLevel[EL TUTORIAL MÁS EPICO]', x=0.00, y=0.00, z=0.00] ...
[27Nov2025 20:41:42.575] [Server thread/INFO] [Easy NPC/]: Register default handler for Pig['entity.easy_npc.pig'/82, l='ServerLevel[EL TUTORIAL MÁS EPICO]', x=0.00, y=0.00, z=0.00] with variant DEFAULT ...
[27Nov2025 20:41:42.576] [Server thread/INFO] [Easy NPC/]: Easy NPC Data version 3 for Pig['RUBEN'/82, l='ServerLevel[EL TUTORIAL MÁS EPICO]', x=3.50, y=126.00, z=-282.50].
[27Nov2025 20:41:42.593] [Server thread/INFO] [Easy NPC/]: Define custom server-side data for Humanoid['entity.easy_npc.humanoid'/93, l='ServerLevel[EL TUTORIAL MÁS EPICO]', x=0.00, y=0.00, z=0.00] ...
[27Nov2025 20:41:42.594] [Server thread/INFO] [Easy NPC/]: Register default handler for Humanoid['entity.easy_npc.humanoid'/93, l='ServerLevel[EL TUTORIAL MÁS EPICO]', x=0.00, y=0.00, z=0.00] with variant STEVE ...
[27Nov2025 20:41:42.595] [Server thread/INFO] [Easy NPC/]: Easy NPC Data version 3 for Humanoid['Eryxx'/93, l='ServerLevel[EL TUTORIAL MÁS EPICO]', x=-2.50, y=80.00, z=-377.50].
[27Nov2025 20:41:42.603] [Server thread/INFO] [Easy NPC/]: Define custom server-side data for Humanoid['entity.easy_npc.humanoid'/95, l='ServerLevel[EL TUTORIAL MÁS EPICO]', x=0.00, y=0.00, z=0.00] ...
[27Nov2025 20:41:42.604] [Server thread/INFO] [Easy NPC/]: Register default handler for Humanoid['entity.easy_npc.humanoid'/95, l='ServerLevel[EL TUTORIAL MÁS EPICO]', x=0.00, y=0.00, z=0.00] with variant STEVE ...
[27Nov2025 20:41:42.605] [Server thread/INFO] [Easy NPC/]: Easy NPC Data version 3 for Humanoid['ARTISTAS'/95, l='ServerLevel[EL TUTORIAL MÁS EPICO]', x=17.50, y=80.00, z=-377.50].
[27Nov2025 20:41:42.730] [Server thread/INFO] [Easy NPC/]: Define custom server-side data for Humanoid['entity.easy_npc.humanoid'/144, l='ServerLevel[EL TUTORIAL MÁS EPICO]', x=0.00, y=0.00, z=0.00] ...
[27Nov2025 20:41:42.732] [Server thread/INFO] [Easy NPC/]: Register default handler for Humanoid['entity.easy_npc.humanoid'/144, l='ServerLevel[EL TUTORIAL MÁS EPICO]', x=0.00, y=0.00, z=0.00] with variant STEVE ...
[27Nov2025 20:41:42.736] [Server thread/INFO] [Easy NPC/]: Easy NPC Data version 3 for Humanoid['MODELADORES 3D'/144, l='ServerLevel[EL TUTORIAL MÁS EPICO]', x=-2.50, y=80.00, z=-385.50].
[27Nov2025 20:41:42.738] [Server thread/INFO] [Easy NPC/]: Define custom server-side data for HumanoidSlim['entity.easy_npc.humanoid_slim'/145, l='ServerLevel[EL TUTORIAL MÁS EPICO]', x=0.00, y=0.00, z=0.00] ...
[27Nov2025 20:41:42.739] [Server thread/INFO] [Easy NPC/]: Register default handler for HumanoidSlim['entity.easy_npc.humanoid_slim'/145, l='ServerLevel[EL TUTORIAL MÁS EPICO]', x=0.00, y=0.00, z=0.00] with variant ALEX ...
[27Nov2025 20:41:42.739] [Server thread/INFO] [Easy NPC/]: Easy NPC Data version 3 for HumanoidSlim['SEBS'/145, l='ServerLevel[EL TUTORIAL MÁS EPICO]', x=17.50, y=80.00, z=-385.50].
[27Nov2025 20:41:42.741] [Server thread/INFO] [Easy NPC/]: Define custom server-side data for Humanoid['entity.easy_npc.humanoid'/146, l='ServerLevel[EL TUTORIAL MÁS EPICO]', x=0.00, y=0.00, z=0.00] ...
[27Nov2025 20:41:42.742] [Server thread/INFO] [Easy NPC/]: Register default handler for Humanoid['entity.easy_npc.humanoid'/146, l='ServerLevel[EL TUTORIAL MÁS EPICO]', x=0.00, y=0.00, z=0.00] with variant STEVE ...
[27Nov2025 20:41:42.743] [Server thread/INFO] [Easy NPC/]: Easy NPC Data version 3 for Humanoid['XXITY'/146, l='ServerLevel[EL TUTORIAL MÁS EPICO]', x=2.50, y=79.00, z=-392.50].
[27Nov2025 20:41:42.744] [Server thread/INFO] [Easy NPC/]: Define custom server-side data for HumanoidSlim['entity.easy_npc.humanoid_slim'/147, l='ServerLevel[EL TUTORIAL MÁS EPICO]', x=0.00, y=0.00, z=0.00] ...
[27Nov2025 20:41:42.745] [Server thread/INFO] [Easy NPC/]: Register default handler for HumanoidSlim['entity.easy_npc.humanoid_slim'/147, l='ServerLevel[EL TUTORIAL MÁS EPICO]', x=0.00, y=0.00, z=0.00] with variant ALEX ...
[27Nov2025 20:41:42.745] [Server thread/INFO] [Easy NPC/]: Easy NPC Data version 3 for HumanoidSlim['ANGEL'/147, l='ServerLevel[EL TUTORIAL MÁS EPICO]', x=7.50, y=80.00, z=-391.50].
[27Nov2025 20:41:42.782] [Server thread/INFO] [net.minecraft.server.level.progress.LoggerChunkProgressListener/]: Preparing spawn area: 34%
[27Nov2025 20:41:42.874] [Server thread/INFO] [Easy NPC/]: Define custom server-side data for Zombie['entity.easy_npc.drowned'/185, l='ServerLevel[EL TUTORIAL MÁS EPICO]', x=0.00, y=0.00, z=0.00] ...
[27Nov2025 20:41:42.875] [Server thread/INFO] [Easy NPC/]: Register default handler for Zombie['entity.easy_npc.drowned'/185, l='ServerLevel[EL TUTORIAL MÁS EPICO]', x=0.00, y=0.00, z=0.00] with variant DROWNED ...
[27Nov2025 20:41:42.876] [Server thread/INFO] [Easy NPC/]: Easy NPC Data version 3 for Zombie['El ahogado'/185, l='ServerLevel[EL TUTORIAL MÁS EPICO]', x=17.50, y=85.00, z=-250.50].
[27Nov2025 20:41:42.879] [Server thread/INFO] [Easy NPC/]: Define custom server-side data for IronGolem['entity.easy_npc.iron_golem'/186, l='ServerLevel[EL TUTORIAL MÁS EPICO]', x=0.00, y=0.00, z=0.00] ...
[27Nov2025 20:41:42.880] [Server thread/INFO] [Easy NPC/]: Register default handler for IronGolem['entity.easy_npc.iron_golem'/186, l='ServerLevel[EL TUTORIAL MÁS EPICO]', x=0.00, y=0.00, z=0.00] with variant IRON_GOLEM ...
[27Nov2025 20:41:42.882] [Server thread/INFO] [Easy NPC/]: Easy NPC Data version 3 for IronGolem['Don krispino'/186, l='ServerLevel[EL TUTORIAL MÁS EPICO]', x=7.50, y=85.00, z=-255.50].
[27Nov2025 20:41:42.892] [Server thread/INFO] [Easy NPC/]: Define custom server-side data for Humanoid['entity.easy_npc.humanoid'/188, l='ServerLevel[EL TUTORIAL MÁS EPICO]', x=0.00, y=0.00, z=0.00] ...
[27Nov2025 20:41:42.893] [Server thread/INFO] [Easy NPC/]: Register default handler for Humanoid['entity.easy_npc.humanoid'/188, l='ServerLevel[EL TUTORIAL MÁS EPICO]', x=0.00, y=0.00, z=0.00] with variant STEVE ...
[27Nov2025 20:41:42.894] [Server thread/INFO] [Easy NPC/]: Easy NPC Data version 3 for Humanoid['Tetee'/188, l='ServerLevel[EL TUTORIAL MÁS EPICO]', x=-2.50, y=85.00, z=-250.50].
[27Nov2025 20:41:42.920] [Server thread/INFO] [Easy NPC/]: Define custom server-side data for Humanoid['entity.easy_npc.humanoid'/203, l='ServerLevel[EL TUTORIAL MÁS EPICO]', x=0.00, y=0.00, z=0.00] ...
[27Nov2025 20:41:42.921] [Server thread/INFO] [Easy NPC/]: Register default handler for Humanoid['entity.easy_npc.humanoid'/203, l='ServerLevel[EL TUTORIAL MÁS EPICO]', x=0.00, y=0.00, z=0.00] with variant STEVE ...
[27Nov2025 20:41:42.921] [Server thread/INFO] [Easy NPC/]: Easy NPC Data version 3 for Humanoid['Wolves'/203, l='ServerLevel[EL TUTORIAL MÁS EPICO]', x=4.50, y=69.00, z=-400.50].
[27Nov2025 20:41:42.922] [Server thread/INFO] [Easy NPC/]: Define custom server-side data for HumanoidSlim['entity.easy_npc.humanoid_slim'/204, l='ServerLevel[EL TUTORIAL MÁS EPICO]', x=0.00, y=0.00, z=0.00] ...
[27Nov2025 20:41:42.923] [Server thread/INFO] [Easy NPC/]: Register default handler for HumanoidSlim['entity.easy_npc.humanoid_slim'/204, l='ServerLevel[EL TUTORIAL MÁS EPICO]', x=0.00, y=0.00, z=0.00] with variant ALEX ...
[27Nov2025 20:41:42.923] [Server thread/INFO] [Easy NPC/]: Easy NPC Data version 3 for HumanoidSlim['Bunny'/204, l='ServerLevel[EL TUTORIAL MÁS EPICO]', x=6.50, y=69.00, z=-400.50].
[27Nov2025 20:41:42.924] [Server thread/INFO] [Easy NPC/]: Define custom server-side data for Wolf['entity.easy_npc.wolf'/205, l='ServerLevel[EL TUTORIAL MÁS EPICO]', x=0.00, y=0.00, z=0.00] ...
[27Nov2025 20:41:42.925] [Server thread/INFO] [Easy NPC/]: Register default handler for Wolf['entity.easy_npc.wolf'/205, l='ServerLevel[EL TUTORIAL MÁS EPICO]', x=0.00, y=0.00, z=0.00] with variant DEFAULT ...
[27Nov2025 20:41:42.925] [Server thread/INFO] [Easy NPC/]: Easy NPC Data version 3 for Wolf['entity.easy_npc.wolf'/205, l='ServerLevel[EL TUTORIAL MÁS EPICO]', x=16.50, y=69.00, z=-400.50].
[27Nov2025 20:41:42.926] [Server thread/INFO] [Easy NPC/]: Define custom server-side data for Wolf['entity.easy_npc.wolf'/206, l='ServerLevel[EL TUTORIAL MÁS EPICO]', x=0.00, y=0.00, z=0.00] ...
[27Nov2025 20:41:42.927] [Server thread/INFO] [Easy NPC/]: Register default handler for Wolf['entity.easy_npc.wolf'/206, l='ServerLevel[EL TUTORIAL MÁS EPICO]', x=0.00, y=0.00, z=0.00] with variant DEFAULT ...
[27Nov2025 20:41:42.927] [Server thread/INFO] [Easy NPC/]: Easy NPC Data version 3 for Wolf['entity.easy_npc.wolf'/206, l='ServerLevel[EL TUTORIAL MÁS EPICO]', x=16.50, y=70.13, z=-402.50].
[27Nov2025 20:41:42.928] [Server thread/INFO] [Easy NPC/]: Define custom server-side data for Wolf['entity.easy_npc.wolf'/207, l='ServerLevel[EL TUTORIAL MÁS EPICO]', x=0.00, y=0.00, z=0.00] ...
[27Nov2025 20:41:42.928] [Server thread/INFO] [Easy NPC/]: Register default handler for Wolf['entity.easy_npc.wolf'/207, l='ServerLevel[EL TUTORIAL MÁS EPICO]', x=0.00, y=0.00, z=0.00] with variant DEFAULT ...
[27Nov2025 20:41:42.929] [Server thread/INFO] [Easy NPC/]: Easy NPC Data version 3 for Wolf['entity.easy_npc.wolf'/207, l='ServerLevel[EL TUTORIAL MÁS EPICO]', x=18.50, y=69.38, z=-401.50].
[27Nov2025 20:41:43.205] [Server thread/INFO] [Easy NPC/]: Define custom server-side data for Villager['Default (None)'/239, l='ServerLevel[EL TUTORIAL MÁS EPICO]', x=0.00, y=0.00, z=0.00] ...
[27Nov2025 20:41:43.205] [Server thread/INFO] [Easy NPC/]: Register default handler for Villager['Default (None)'/239, l='ServerLevel[EL TUTORIAL MÁS EPICO]', x=0.00, y=0.00, z=0.00] with variant DEFAULT ...
[27Nov2025 20:41:43.206] [Server thread/INFO] [Easy NPC/]: Easy NPC Data version 3 for Villager['ALDEANO'/239, l='ServerLevel[EL TUTORIAL MÁS EPICO]', x=105.50, y=111.00, z=-348.50].
[27Nov2025 20:41:43.247] [Server thread/INFO] [Easy NPC/]: Define custom server-side data for Allay['entity.easy_npc.allay'/271, l='ServerLevel[EL TUTORIAL MÁS EPICO]', x=0.00, y=0.00, z=0.00] ...
[27Nov2025 20:41:43.247] [Server thread/INFO] [Easy NPC/]: Register default handler for Allay['entity.easy_npc.allay'/271, l='ServerLevel[EL TUTORIAL MÁS EPICO]', x=0.00, y=0.00, z=0.00] with variant DEFAULT ...
[27Nov2025 20:41:43.248] [Server thread/INFO] [Easy NPC/]: Easy NPC Data version 3 for Allay['Telepy'/271, l='ServerLevel[EL TUTORIAL MÁS EPICO]', x=6.50, y=83.00, z=-220.50].
[27Nov2025 20:41:43.282] [Server thread/INFO] [net.minecraft.server.level.progress.LoggerChunkProgressListener/]: Preparing spawn area: 65%
[27Nov2025 20:41:43.542] [Server thread/INFO] [Easy NPC/]: Define custom server-side data for HumanoidSlim['entity.easy_npc.humanoid_slim'/325, l='ServerLevel[EL TUTORIAL MÁS EPICO]', x=0.00, y=0.00, z=0.00] ...
[27Nov2025 20:41:43.543] [Server thread/INFO] [Easy NPC/]: Register default handler for HumanoidSlim['entity.easy_npc.humanoid_slim'/325, l='ServerLevel[EL TUTORIAL MÁS EPICO]', x=0.00, y=0.00, z=0.00] with variant ALEX ...
[27Nov2025 20:41:43.544] [Server thread/INFO] [Easy NPC/]: Easy NPC Data version 3 for HumanoidSlim['ANGEL'/325, l='ServerLevel[EL TUTORIAL MÁS EPICO]', x=2.50, y=64.00, z=-148.50].
[27Nov2025 20:41:43.605] [Server thread/INFO] [Easy NPC/]: Define custom server-side data for HumanoidSlim['entity.easy_npc.humanoid_slim'/336, l='ServerLevel[EL TUTORIAL MÁS EPICO]', x=0.00, y=0.00, z=0.00] ...
[27Nov2025 20:41:43.606] [Server thread/INFO] [Easy NPC/]: Register default handler for HumanoidSlim['entity.easy_npc.humanoid_slim'/336, l='ServerLevel[EL TUTORIAL MÁS EPICO]', x=0.00, y=0.00, z=0.00] with variant ALEX ...
[27Nov2025 20:41:43.607] [Server thread/INFO] [Easy NPC/]: Easy NPC Data version 3 for HumanoidSlim['Angel'/336, l='ServerLevel[EL TUTORIAL MÁS EPICO]', x=9.50, y=79.00, z=-179.50].
[27Nov2025 20:41:43.639] [Server thread/INFO] [Easy NPC/]: Define custom server-side data for Humanoid['entity.easy_npc.humanoid'/344, l='ServerLevel[EL TUTORIAL MÁS EPICO]', x=0.00, y=0.00, z=0.00] ...
[27Nov2025 20:41:43.642] [Server thread/INFO] [Easy NPC/]: Register default handler for Humanoid['entity.easy_npc.humanoid'/344, l='ServerLevel[EL TUTORIAL MÁS EPICO]', x=0.00, y=0.00, z=0.00] with variant STEVE ...
[27Nov2025 20:41:43.643] [Server thread/INFO] [Easy NPC/]: Easy NPC Data version 3 for Humanoid['Caballero'/344, l='ServerLevel[EL TUTORIAL MÁS EPICO]', x=147.50, y=88.00, z=-309.50].
[27Nov2025 20:41:43.676] [Server thread/INFO] [net.minecraft.server.level.progress.LoggerChunkProgressListener/]: Time elapsed: 3396 ms
[27Nov2025 20:41:43.676] [Server thread/INFO] [net.minecraft.server.dedicated.DedicatedServer/]: Done (6.287s)! For help, type "help"
[27Nov2025 20:41:43.738] [Server thread/INFO] [net.minecraftforge.server.permission.PermissionAPI/]: Successfully initialized permission handler forge:default_handler
[27Nov2025 20:41:43.738] [Server thread/INFO] [APTweaks(Core)/]: [APTweaks:Core] Max number of remote players is set to 20
[27Nov2025 20:41:43.738] [Server thread/INFO] [APTweaks(Core)/]: [APTweaks:Core] ⏲ Phase 2/3 - Server took about 67.462 sec to starting (∆: 6.173 secs)...
[27Nov2025 20:41:43.739] [Server thread/INFO] [Easy NPC/]: 🗣 Register Easy NPC Server is starting Events ...
[27Nov2025 20:41:43.739] [Server thread/INFO] [Easy NPC/]: 🗣 Register Easy NPC Server data folders ...
[27Nov2025 20:41:43.740] [Server thread/INFO] [Easy NPC/]: 🗣 Register Easy NPC Pose data folders ...
[27Nov2025 20:41:43.740] [Server thread/INFO] [Easy NPC/]: 🗣 Register Easy NPC custom pose data ...
[27Nov2025 20:41:43.743] [Server thread/WARN] [Easy NPC/]: Skin model pose file /workspaces/effective-fortnight-SVR/servidor_minecraft/config/easy_npc/pose/humanoid_slim/humanoid_slim_poses.json already exists, skipping copy!
[27Nov2025 20:41:43.748] [Server thread/INFO] [Easy NPC/]: 🗣 Register Easy NPC custom poses from /workspaces/effective-fortnight-SVR/servidor_minecraft/config/easy_npc/pose ...
[27Nov2025 20:41:43.749] [Server thread/INFO] [Easy NPC/]: Found custom pose file /workspaces/effective-fortnight-SVR/servidor_minecraft/config/easy_npc/pose/humanoid_slim/humanoid_slim_poses.json ...
[27Nov2025 20:41:43.754] [Server thread/INFO] [Easy NPC/]: [Pose Manager] Registering pose data easy_npc:pose/humanoid_slim/crouching with Animation{name='Crouching', loop='hold_on_last_frame', animation_length=null, bones={Head=Bone{position=[0.0, -4.2, 0.0], rotation=[-7.5, 0.0, 0.0], scale=null, keyframePosition=null, keyframeRotation=null}, Body=Bone{position=[0.0, -3.2, 0.0], rotation=[20.0, 0.0, 0.0], scale=null, keyframePosition=null, keyframeRotation=null}, RightArm=Bone{position=[0.0, -3.2, 1.0], rotation=[40.0, 0.0, 0.0], scale=null, keyframePosition=null, keyframeRotation=null}, LeftArm=Bone{position=[0.0, -3.2, 1.0], rotation=[40.0, 0.0, 0.0], scale=null, keyframePosition=null, keyframeRotation=null}, RightLeg=Bone{position=[0.0, 0.0, 4.0], rotation=[-25.0, 0.0, 0.0], scale=null, keyframePosition=null, keyframeRotation=null}, LeftLeg=Bone{position=[0.0, 0.0, 3.0], rotation=[-10.0, 0.0, 0.0], scale=null, keyframePosition=null, keyframeRotation=null}}}
[27Nov2025 20:41:43.755] [Server thread/INFO] [Easy NPC/]: [Pose Manager] Registering pose data easy_npc:pose/humanoid_slim/standing with Animation{name='Standing', loop='hold_on_last_frame', animation_length=null, bones={Head=Bone{position=[0.0, 0.0, 0.0], rotation=[0.0, 0.0, 0.0], scale=null, keyframePosition=null, keyframeRotation=null}, Body=Bone{position=[0.0, 0.0, 0.0], rotation=[0.0, 0.0, 0.0], scale=null, keyframePosition=null, keyframeRotation=null}, RightArm=Bone{position=[0.0, 0.0, 0.0], rotation=[0.0, 0.0, 0.0], scale=null, keyframePosition=null, keyframeRotation=null}, LeftArm=Bone{position=[0.0, 0.0, 0.0], rotation=[0.0, 0.0, 0.0], scale=null, keyframePosition=null, keyframeRotation=null}, RightLeg=Bone{position=[0.0, 0.0, 0.0], rotation=[0.0, 0.0, 0.0], scale=null, keyframePosition=null, keyframeRotation=null}, LeftLeg=Bone{position=[0.0, 0.0, 0.0], rotation=[0.0, 0.0, 0.0], scale=null, keyframePosition=null, keyframeRotation=null}}}
[27Nov2025 20:41:43.756] [Server thread/INFO] [Easy NPC/]: [Pose Manager] Registering pose data easy_npc:pose/humanoid_slim/sitting with Animation{name='Sitting', loop='hold_on_last_frame', animation_length=null, bones={Head=Bone{position=[0.0, -10.5, 0.0], rotation=[0.0, 0.0, -2.5], scale=null, keyframePosition=null, keyframeRotation=null}, Body=Bone{position=[0.0, -10.5, 0.0], rotation=null, scale=null, keyframePosition=null, keyframeRotation=null}, RightArm=Bone{position=[0.0, -10.5, 0.0], rotation=[-35.0, 0.0, 0.0], scale=null, keyframePosition=null, keyframeRotation=null}, LeftArm=Bone{position=[0.0, -10.5, 0.0], rotation=[-35.0, 0.0, 0.0], scale=null, keyframePosition=null, keyframeRotation=null}, RightLeg=Bone{position=[0.0, -10.0, 0.0], rotation=[-90.0, 15.0, 0.0], scale=null, keyframePosition=null, keyframeRotation=null}, LeftLeg=Bone{position=[0.0, -10.0, 0.0], rotation=[-90.0, -10.5, 0.0], scale=null, keyframePosition=null, keyframeRotation=null}}}
[27Nov2025 20:41:43.756] [Server thread/INFO] [Easy NPC/]: [Pose Manager] Registering pose data easy_npc:pose/humanoid_slim/chilling with Animation{name='Chilling', loop='hold_on_last_frame', animation_length=null, bones={Head=Bone{position=[0.0, -12.5, 2.0], rotation=[-2.5, 0.0, 2.5], scale=null, keyframePosition=null, keyframeRotation=null}, Body=Bone{position=[0.0, -12.25, 3.0], rotation=[-20.0, 0.0, 0.0], scale=null, keyframePosition=null, keyframeRotation=null}, RightArm=Bone{position=[0.0, -12.5, 2.0], rotation=[17.5, 0.0, 0.0], scale=null, keyframePosition=null, keyframeRotation=null}, LeftArm=Bone{position=[0.0, -12.5, 2.0], rotation=[20.0, 0.0, 0.0], scale=null, keyframePosition=null, keyframeRotation=null}, RightLeg=Bone{position=[0.0, -10.0, 0.0], rotation=[-90.0, 15.0, -5.0], scale=null, keyframePosition=null, keyframeRotation=null}, LeftLeg=Bone{position=[0.0, -10.0, 0.75], rotation=[-90.0, -10.5, 5.0], scale=null, keyframePosition=null, keyframeRotation=null}}}
[27Nov2025 20:41:43.757] [Server thread/INFO] [Easy NPC/]: [Pose Manager] Registering pose data easy_npc:pose/humanoid_slim/rest with Animation{name='Rest', loop='hold_on_last_frame', animation_length=null, bones={Head=Bone{position=[0.0, -12.0, 0.0], rotation=[5.0, 0.0, 5.0], scale=null, keyframePosition=null, keyframeRotation=null}, Body=Bone{position=[0.0, -12.0, 0.0], rotation=[0.0, 0.0, 2.5], scale=null, keyframePosition=null, keyframeRotation=null}, RightArm=Bone{position=[-1.0, -11.0, 0.0], rotation=[-75.0, -30.0, 0.0], scale=null, keyframePosition=null, keyframeRotation=null}, LeftArm=Bone{position=[0.0, -12.0, 0.0], rotation=[-52.5, -5.0, 0.0], scale=null, keyframePosition=null, keyframeRotation=null}, RightLeg=Bone{position=[-3.0, -2.0, -2.0], rotation=[-32.5, -20.0, 0.0], scale=null, keyframePosition=null, keyframeRotation=null}, LeftLeg=Bone{position=[6.75, -10.0, 0.0], rotation=[-90.0, 40.0, 0.0], scale=null, keyframePosition=null, keyframeRotation=null}}}
[27Nov2025 20:41:43.758] [Server thread/INFO] [Easy NPC/]: 🗣 Register Easy NPC Backup data folders ...
[27Nov2025 20:41:43.759] [Server thread/INFO] [Easy NPC/]: Creating backup folder 2025-11-27 at /workspaces/effective-fortnight-SVR/servidor_minecraft/easy_npc/backup ...
[27Nov2025 20:41:43.791] [Server thread/INFO] [com.fruityspikes.whaleborne.Whaleborne/]: HELLO from server starting
[27Nov2025 20:41:43.792] [Server thread/INFO] [APTweaks(Core)/]: [APTweaks:Core] ⏲ Phase 3/3 - Server took about 67.516 sec to be available and ready to play (∆: 0.054 secs) ...
[27Nov2025 20:41:43.793] [Server thread/INFO] [patchouli/]: Sending reload packet to clients
[27Nov2025 20:41:43.795] [Server thread/WARN] [ModernFix/]: Dedicated server took 68.976 seconds to load
[27Nov2025 20:41:44.312] [Server thread/INFO] [Chunk Activity Tracker/]: Loading data for 418 chunks for filePath './world/chunk_activity_info/overworld.dat' took 7 milliseconds
[27Nov2025 20:41:44.318] [Server thread/INFO] [Chunk Activity Tracker/]: Saving data for 418 chunks for dimension 'overworld' took 5 milliseconds
[27Nov2025 20:41:45.245] [Server thread/INFO] [Easy NPC/]: Define custom server-side data for HumanoidSlim['entity.easy_npc.humanoid_slim'/362, l='ServerLevel[EL TUTORIAL MÁS EPICO]', x=0.00, y=0.00, z=0.00] ...
[27Nov2025 20:41:45.246] [Server thread/INFO] [Easy NPC/]: Register default handler for HumanoidSlim['entity.easy_npc.humanoid_slim'/362, l='ServerLevel[EL TUTORIAL MÁS EPICO]', x=0.00, y=0.00, z=0.00] with variant ALEX ...
[27Nov2025 20:41:45.246] [Server thread/INFO] [Easy NPC/]: Easy NPC Data version 3 for HumanoidSlim['entity.easy_npc.humanoid_slim'/362, l='ServerLevel[EL TUTORIAL MÁS EPICO]', x=33.50, y=66.00, z=28.50].
[27Nov2025 20:41:45.533] [Server thread/INFO] [Easy NPC/]: Define custom server-side data for HumanoidSlim['entity.easy_npc.humanoid_slim'/392, l='ServerLevel[EL TUTORIAL MÁS EPICO]', x=0.00, y=0.00, z=0.00] ...
[27Nov2025 20:41:45.534] [Server thread/INFO] [Easy NPC/]: Register default handler for HumanoidSlim['entity.easy_npc.humanoid_slim'/392, l='ServerLevel[EL TUTORIAL MÁS EPICO]', x=0.00, y=0.00, z=0.00] with variant ALEX ...
[27Nov2025 20:41:45.534] [Server thread/INFO] [Easy NPC/]: Easy NPC Data version 3 for HumanoidSlim['ANGEL'/392, l='ServerLevel[EL TUTORIAL MÁS EPICO]', x=24.50, y=8.00, z=30.50].
[27Nov2025 20:41:45.589] [Server thread/INFO] [APTweaks(Core)/]: [APTweaks:Core] ↑ Server load changed from NORMAL (avg. 50.0) to VERY_HIGH (avg. 65.04953002929688)
[27Nov2025 20:41:46.541] [Server thread/INFO] [APTweaks(Core)/]: [APTweaks:Core] ↓ Level load for minecraft:overworld changed from NORMAL (avg. 45.0) to LOW (avg. 22.41232446)
[27Nov2025 20:41:46.541] [Server thread/INFO] [APTweaks(Core)/]: [APTweaks:Core] ↓ Level load for minecraft:the_end changed from NORMAL (avg. 45.0) to VERY_LOW (avg. 0.11989799000000001)
[27Nov2025 20:41:46.541] [Server thread/INFO] [APTweaks(Core)/]: [APTweaks:Core] ↓ Level load for minecraft:the_nether changed from NORMAL (avg. 45.0) to VERY_LOW (avg. 0.05758068)
[27Nov2025 20:41:46.542] [Server thread/INFO] [APTweaks(Core)/]: [APTweaks:Core] ↓ Level load for witherstormmod:bowels changed from NORMAL (avg. 45.0) to VERY_LOW (avg. 0.058545849999999997)
[27Nov2025 20:41:46.542] [Server thread/INFO] [APTweaks(Core)/]: [APTweaks:Core] ↓ Level load for minecraft_121_update:boss_room changed from NORMAL (avg. 45.0) to VERY_LOW (avg. 0.04601039)
[27Nov2025 20:41:59.445] [Server thread/INFO] [APTweaks(Core)/]: [APTweaks:Core] ↓ Server load changed from VERY_HIGH (avg. 65.04953002929688) to VERY_LOW (avg. 9.753247261047363)
[27Nov2025 20:46:43.916] [Server thread/INFO] [Chunk Activity Tracker/]: Saving data for 418 chunks for dimension 'overworld' took 2 milliseconds
